X,Y,track_fid,track_seg_id,track_seg_point_id,ele
138.928497,35.373115,0,0,0,592.3
138.92854,35.373149,0,0,1,591.7
138.928568,35.373167,0,0,2,591
138.928595,35.373186,0,0,3,591
138.928623,35.373204,0,0,4,590.5
138.92865,35.373222,0,0,5,589.6
138.928711,35.37326,0,0,6,589.2
138.928757,35.373295,0,0,7,588.8
138.928833,35.373341,0,0,8,587.8
138.928894,35.373383,0,0,9,587.4
138.92897,35.373436,0,0,10,586.2
138.929062,35.373489,0,0,11,585.4
138.929138,35.37355,0,0,12,585.3
138.92923,35.373611,0,0,13,584.9
138.929321,35.373665,0,0,14,585
138.929413,35.37373,0,0,15,584.6
138.929489,35.373783,0,0,16,584.2
138.929581,35.37384,0,0,17,584.3
138.929657,35.373898,0,0,18,584
138.929764,35.373962,0,0,19,583.2
138.929855,35.374023,0,0,20,582.6
138.929947,35.374081,0,0,21,581.6
138.930054,35.374153,0,0,22,580.4
138.93013,35.37421,0,0,23,579.7
138.930237,35.374283,0,0,24,578.6
138.930328,35.374344,0,0,25,577.6
138.93042,35.374405,0,0,26,577.3
138.930527,35.374477,0,0,27,577.7
138.930618,35.374535,0,0,28,577.8
138.93074,35.374611,0,0,29,578.5
138.930847,35.374683,0,0,30,580
138.930939,35.374744,0,0,31,580.9
138.931046,35.374817,0,0,32,580.7
138.931152,35.374889,0,0,33,580.9
138.931244,35.37495,0,0,34,581.5
138.931335,35.375011,0,0,35,581.5
138.931442,35.375088,0,0,36,582.4
138.931564,35.37516,0,0,37,582.5
138.931656,35.375221,0,0,38,581.2
138.931763,35.375298,0,0,39,580.5
138.931854,35.375359,0,0,40,579.6
138.931946,35.375423,0,0,41,578.9
138.932068,35.3755,0,0,42,578.7
138.932159,35.375561,0,0,43,579.2
138.932251,35.375626,0,0,44,580.4
138.932373,35.375702,0,0,45,581.5
138.93248,35.375778,0,0,46,583
138.932587,35.375843,0,0,47,584.4
138.932693,35.375919,0,0,48,585
138.932816,35.375996,0,0,49,585.7
138.932907,35.376057,0,0,50,585.7
138.932999,35.376121,0,0,51,585
138.933121,35.376198,0,0,52,584.4
138.933228,35.376274,0,0,53,583.8
138.93335,35.37635,0,0,54,583.1
138.933441,35.376415,0,0,55,583
138.933563,35.376488,0,0,56,582.1
138.93367,35.376549,0,0,57,580.3
138.933777,35.376594,0,0,58,580.4
138.933853,35.376614,0,0,59,580.5
138.93396,35.376625,0,0,60,580.2
138.934036,35.37661,0,0,61,579.6
138.934128,35.376579,0,0,62,578.5
138.934204,35.376556,0,0,63,577.5
138.93428,35.376549,0,0,64,577.1
138.934341,35.376549,0,0,65,576.8
138.934418,35.376556,0,0,66,576.1
138.934479,35.376572,0,0,67,575.1
138.93454,35.376598,0,0,68,574.8
138.934586,35.376636,0,0,69,574.6
138.934616,35.376686,0,0,70,574.7
138.934631,35.376736,0,0,71,576.1
138.934647,35.376781,0,0,72,576.8
138.934662,35.376831,0,0,73,576.7
138.934677,35.376881,0,0,74,577.7
138.934677,35.376926,0,0,75,578.1
138.934677,35.376976,0,0,76,578.3
138.934677,35.377022,0,0,77,578.4
138.934662,35.377071,0,0,78,578.3
138.934616,35.377109,0,0,79,578.7
138.934586,35.377132,0,0,80,579
138.934525,35.37714,0,0,81,579.2
138.934479,35.377129,0,0,82,579.5
138.934433,35.377109,0,0,83,580
138.934387,35.377083,0,0,84,580.4
138.934341,35.377064,0,0,85,581
138.934296,35.377041,0,0,86,581.6
138.93425,35.377026,0,0,87,582.3
138.934189,35.377014,0,0,88,583
138.934128,35.377014,0,0,89,584.4
138.934067,35.377029,0,0,90,585
138.934036,35.377048,0,0,91,585.6
138.93399,35.377083,0,0,92,586.8
138.93396,35.377125,0,0,93,588.7
138.93396,35.377167,0,0,94,589.4
138.93396,35.377216,0,0,95,590.1
138.93399,35.377258,0,0,96,590
138.934036,35.377281,0,0,97,590
138.934082,35.377308,0,0,98,590
138.934143,35.377335,0,0,99,590
138.934204,35.377369,0,0,100,590
138.934265,35.377403,0,0,101,590
138.934326,35.377438,0,0,102,589.9
138.934418,35.37748,0,0,103,589.9
138.934525,35.377522,0,0,104,589.9
138.934631,35.377556,0,0,105,589.9
138.934769,35.377556,0,0,106,590
138.934921,35.377514,0,0,107,580.7
138.935043,35.37746,0,0,108,572.7
138.935165,35.377354,0,0,109,564.8
138.935242,35.37722,0,0,110,564.6
138.935287,35.377098,0,0,111,564.4
138.935333,35.376945,0,0,112,564.1
138.935364,35.376785,0,0,113,563.8
138.935364,35.376648,0,0,114,563.6
138.935364,35.37648,0,0,115,563.3
138.935348,35.376335,0,0,116,563.1
138.935333,35.37616,0,0,117,562.7
138.935318,35.375984,0,0,118,562.6
138.935272,35.375805,0,0,119,562.7
138.935226,35.375656,0,0,120,563.1
138.935165,35.375481,0,0,121,563.6
138.935074,35.375309,0,0,122,564.6
138.934967,35.375145,0,0,123,564.2
138.934845,35.374989,0,0,124,562.9
138.934708,35.37484,0,0,125,561.6
138.934555,35.374687,0,0,126,560.2
138.934418,35.374546,0,0,127,558.9
138.93428,35.374424,0,0,128,557.8
138.934128,35.374283,0,0,129,556.9
138.934006,35.374165,0,0,130,556
138.933884,35.37405,0,0,131,555.2
138.933716,35.373909,0,0,132,554
138.933594,35.373791,0,0,133,552.9
138.933441,35.37365,0,0,134,551.8
138.933273,35.373508,0,0,135,550.7
138.933151,35.37339,0,0,136,549.7
138.933014,35.373276,0,0,137,548.6
138.932892,35.373161,0,0,138,548.1
138.932754,35.373032,0,0,139,548.4
138.932663,35.372929,0,0,140,548.6
138.932541,35.372814,0,0,141,548.9
138.932434,35.372707,0,0,142,549.2
138.932358,35.372623,0,0,143,549.3
138.932266,35.372528,0,0,144,549.6
138.93219,35.372452,0,0,145,549.8
138.932114,35.372379,0,0,146,550
138.932053,35.372311,0,0,147,550.2
138.931976,35.372227,0,0,148,550.5
138.931915,35.37215,0,0,149,550.7
138.931885,35.372059,0,0,150,550.9
138.931869,35.371979,0,0,151,551
138.931885,35.371887,0,0,152,551.2
138.931915,35.371803,0,0,153,551.4
138.931961,35.371738,0,0,154,551.6
138.932022,35.371674,0,0,155,551.7
138.932083,35.371601,0,0,156,551.9
138.932144,35.371525,0,0,157,552
138.932205,35.37146,0,0,158,552
138.932251,35.371395,0,0,159,552.1
138.932312,35.37133,0,0,160,552.1
138.932373,35.371254,0,0,161,552
138.932434,35.371178,0,0,162,551.8
138.93251,35.371098,0,0,163,551.7
138.932556,35.371029,0,0,164,551.7
138.932632,35.370945,0,0,165,551.6
138.932693,35.370861,0,0,166,551.5
138.93277,35.370777,0,0,167,551.4
138.932846,35.370693,0,0,168,551.2
138.932938,35.370613,0,0,169,551
138.933029,35.370537,0,0,170,550.8
138.933121,35.37048,0,0,171,550.5
138.933228,35.37043,0,0,172,549.8
138.93335,35.370377,0,0,173,548.8
138.933502,35.370335,0,0,174,547.7
138.93367,35.370312,0,0,175,546.5
138.933838,35.370304,0,0,176,545.4
138.934021,35.370308,0,0,177,544.2
138.934189,35.370308,0,0,178,543.3
138.934387,35.370316,0,0,179,542.3
138.934601,35.370319,0,0,180,541
138.934769,35.370323,0,0,181,539.3
138.934982,35.370327,0,0,182,534.3
138.93515,35.370331,0,0,183,525.4
138.935333,35.370338,0,0,184,523.4
138.935501,35.370342,0,0,185,522.9
138.935715,35.370346,0,0,186,522.2
138.935928,35.37035,0,0,187,521.4
138.936111,35.370358,0,0,188,521.8
138.936295,35.370361,0,0,189,523.2
138.936478,35.370365,0,0,190,524.4
138.936661,35.370369,0,0,191,525.7
138.936874,35.370361,0,0,192,527.2
138.937103,35.370346,0,0,193,529
138.937286,35.370319,0,0,194,530.3
138.937515,35.370266,0,0,195,532
138.937744,35.37019,0,0,196,532.1
138.937912,35.370106,0,0,197,530
138.93811,35.369984,0,0,198,527.8
138.938248,35.369865,0,0,199,526.4
138.938385,35.369732,0,0,200,524.9
138.938507,35.36956,0,0,201,523.1
138.938614,35.369369,0,0,202,521.4
138.93866,35.369205,0,0,203,519.9
138.938705,35.369003,0,0,204,518.2
138.938705,35.368832,0,0,205,516.4
138.938675,35.36866,0,0,206,512.6
138.938629,35.368492,0,0,207,509.2
138.938553,35.368328,0,0,208,506
138.938461,35.368175,0,0,209,503.3
138.938324,35.367996,0,0,210,503.4
138.938232,35.367821,0,0,211,501.6
138.938141,35.367645,0,0,212,499.2
138.938141,35.367432,0,0,213,494.2
138.938248,35.367237,0,0,214,492.2
138.938385,35.367096,0,0,215,490.9
138.938553,35.366936,0,0,216,489.5
138.938675,35.366802,0,0,217,488.4
138.938827,35.366646,0,0,218,487.1
138.93895,35.36652,0,0,219,486.3
138.939072,35.366394,0,0,220,485.6
138.939194,35.366268,0,0,221,484.9
138.939331,35.366119,0,0,222,484.1
138.939453,35.365997,0,0,223,483.4
138.939575,35.365875,0,0,224,482.8
138.939697,35.365753,0,0,225,482.3
138.939804,35.365631,0,0,226,481.9
138.939926,35.365509,0,0,227,481.5
138.940033,35.365383,0,0,228,481.1
138.94014,35.365261,0,0,229,480.8
138.940262,35.365112,0,0,230,480.3
138.940399,35.364963,0,0,231,479.7
138.940521,35.364811,0,0,232,479
138.940628,35.364685,0,0,233,478.5
138.94072,35.364559,0,0,234,478
138.940842,35.364407,0,0,235,477.3
138.940933,35.364277,0,0,236,476.6
138.94104,35.364147,0,0,237,475.7
138.941147,35.363995,0,0,238,474.4
138.941238,35.363861,0,0,239,473.1
138.941345,35.363705,0,0,240,471.7
138.941437,35.363575,0,0,241,470.4
138.941544,35.363415,0,0,242,468.9
138.94162,35.363281,0,0,243,467.7
138.941727,35.363121,0,0,244,466.2
138.941803,35.362987,0,0,245,465
138.94191,35.362823,0,0,246,463.4
138.942001,35.362663,0,0,247,461.9
138.942093,35.362499,0,0,248,460.4
138.942169,35.362362,0,0,249,459.1
138.942261,35.362198,0,0,250,457.4
138.942352,35.362034,0,0,251,455.7
138.942398,35.361893,0,0,252,454.2
138.942444,35.361748,0,0,253,452.5
138.942444,35.361576,0,0,254,450.7
138.942444,35.361431,0,0,255,449.4
138.942413,35.361286,0,0,256,448.3
138.942383,35.361149,0,0,257,447.6
138.942352,35.360989,0,0,258,447
138.942337,35.360859,0,0,259,446.8
138.942306,35.360737,0,0,260,446.6
138.942276,35.360592,0,0,261,446.4
138.942245,35.360477,0,0,262,446.5
138.942215,35.360348,0,0,263,446.7
138.9422,35.360226,0,0,264,447.5
138.942184,35.360119,0,0,265,448.2
138.942184,35.360031,0,0,266,448.8
138.942184,35.359936,0,0,267,449.4
138.942184,35.359863,0,0,268,450
138.942184,35.359791,0,0,269,450.5
138.942184,35.359707,0,0,270,451.2
138.9422,35.359642,0,0,271,451.7
138.942215,35.359566,0,0,272,452.3
138.942215,35.359493,0,0,273,452.8
138.94223,35.359428,0,0,274,453.3
138.94223,35.359375,0,0,275,453.7
138.942245,35.359322,0,0,276,454.1
138.942245,35.359276,0,0,277,454.5
138.942261,35.359226,0,0,278,454.9
138.942261,35.35918,0,0,279,455.3
138.942276,35.359127,0,0,280,455.7
138.942291,35.359081,0,0,281,456.1
138.942306,35.359032,0,0,282,456.6
138.942322,35.358982,0,0,283,457.1
138.942337,35.358932,0,0,284,457.7
138.942352,35.358887,0,0,285,458.2
138.942367,35.358849,0,0,286,458.6
138.942383,35.35881,0,0,287,459.1
138.942398,35.358765,0,0,288,459.6
138.942413,35.358719,0,0,289,460.1
138.942444,35.358673,0,0,290,460.6
138.942459,35.358635,0,0,291,461
138.942474,35.358589,0,0,292,461.5
138.94249,35.358555,0,0,293,461.9
138.94252,35.358517,0,0,294,462.3
138.942535,35.358475,0,0,295,462.7
138.942566,35.358433,0,0,296,463.2
138.942596,35.358395,0,0,297,463.7
138.942612,35.35836,0,0,298,464
138.942642,35.358318,0,0,299,464.5
138.942673,35.358276,0,0,300,465
138.942703,35.358238,0,0,301,465.4
138.942719,35.358204,0,0,302,465.7
138.942749,35.35817,0,0,303,466.1
138.94278,35.358135,0,0,304,466.5
138.94281,35.358097,0,0,305,467
138.942841,35.358059,0,0,306,467.4
138.942871,35.358028,0,0,307,467.8
138.942917,35.35799,0,0,308,468.3
138.942947,35.357948,0,0,309,468.8
138.942993,35.35791,0,0,310,469.3
138.943024,35.357872,0,0,311,469.7
138.943054,35.357838,0,0,312,470.1
138.943085,35.357799,0,0,313,470.5
138.94313,35.357757,0,0,314,471
138.943161,35.357723,0,0,315,471.4
138.943191,35.357685,0,0,316,471.8
138.943222,35.357651,0,0,317,472.1
138.943268,35.357613,0,0,318,472.5
138.943298,35.357567,0,0,319,472.9
138.943344,35.357529,0,0,320,473.2
138.94339,35.357483,0,0,321,473.6
138.94342,35.357437,0,0,322,473.9
138.943466,35.357399,0,0,323,474.1
138.943497,35.357353,0,0,324,474.4
138.943542,35.357311,0,0,325,474.6
138.943588,35.357265,0,0,326,474.8
138.943619,35.357227,0,0,327,474.9
138.943649,35.357193,0,0,328,475
138.943695,35.357147,0,0,329,475.2
138.943741,35.357105,0,0,330,475.2
138.943771,35.357067,0,0,331,475.3
138.943817,35.357021,0,0,332,475.4
138.943848,35.356987,0,0,333,475.4
138.943893,35.356941,0,0,334,475.4
138.943924,35.356907,0,0,335,475.5
138.943954,35.356865,0,0,336,475.5
138.944,35.356819,0,0,337,475.5
138.944046,35.356773,0,0,338,475.4
138.944076,35.356739,0,0,339,475.4
138.944107,35.356701,0,0,340,475.3
138.944153,35.356667,0,0,341,475.2
138.944183,35.356628,0,0,342,475.1
138.944229,35.356586,0,0,343,474.9
138.94426,35.356548,0,0,344,474.8
138.94429,35.356514,0,0,345,474.7
138.944336,35.356472,0,0,346,474.6
138.944382,35.356438,0,0,347,474.4
138.944427,35.356396,0,0,348,474.3
138.944458,35.356365,0,0,349,474.2
138.944504,35.356331,0,0,350,474.1
138.94455,35.356293,0,0,351,474
138.944595,35.356262,0,0,352,473.9
138.944641,35.356224,0,0,353,473.8
138.944687,35.356182,0,0,354,473.7
138.944733,35.356144,0,0,355,473.6
138.944778,35.356106,0,0,356,473.6
138.944794,35.356049,0,0,357,473.4
138.944748,35.356003,0,0,358,473.3
138.944672,35.355942,0,0,359,473.3
138.944611,35.355884,0,0,360,473.2
138.944534,35.355823,0,0,361,473.3
138.944473,35.35577,0,0,362,473.3
138.944397,35.355705,0,0,363,473.4
138.944336,35.355648,0,0,364,473.4
138.944275,35.355572,0,0,365,473.4
138.944229,35.355484,0,0,366,473.4
138.94426,35.355389,0,0,367,472.9
138.944336,35.355293,0,0,368,472.3
138.944397,35.355209,0,0,369,471.8
138.944458,35.355099,0,0,370,471.2
138.944489,35.355,0,0,371,470.8
138.944534,35.354877,0,0,372,470.4
138.944565,35.354771,0,0,373,470
138.94458,35.354664,0,0,374,469.6
138.944611,35.35453,0,0,375,469.2
138.944641,35.354397,0,0,376,468.7
138.944672,35.354259,0,0,377,468.4
138.944702,35.354122,0,0,378,468
138.944733,35.353985,0,0,379,467.6
138.944748,35.35387,0,0,380,467.2
138.944778,35.353729,0,0,381,466.7
138.944794,35.353607,0,0,382,466.2
138.944824,35.353481,0,0,383,465.6
138.944839,35.353325,0,0,384,464.8
138.944839,35.353168,0,0,385,464
138.944809,35.353043,0,0,386,463.1
138.944763,35.352913,0,0,387,462.5
138.944717,35.352791,0,0,388,461.9
138.944733,35.352665,0,0,389,461.3
138.944794,35.35252,0,0,390,460.6
138.944855,35.352375,0,0,391,460
138.94487,35.352249,0,0,392,459.6
138.944824,35.352104,0,0,393,459.4
138.944778,35.35199,0,0,394,459.1
138.944717,35.351879,0,0,395,458.9
138.944641,35.351749,0,0,396,458.6
138.94458,35.351639,0,0,397,458.2
138.944534,35.351498,0,0,398,457.5
138.944489,35.351356,0,0,399,456.6
138.944504,35.351231,0,0,400,455.8
138.944534,35.351105,0,0,401,455.1
138.944595,35.350983,0,0,402,454.6
138.944687,35.350845,0,0,403,454
138.944778,35.350708,0,0,404,453.7
138.944855,35.350567,0,0,405,453.4
138.944916,35.350433,0,0,406,453.4
138.944931,35.350319,0,0,407,453.4
138.944931,35.350201,0,0,408,453.4
138.9449,35.350124,0,0,409,453.3
138.944794,35.35014,0,0,410,453.5
138.944702,35.350159,0,0,411,453.7
138.944626,35.350178,0,0,412,453.9
138.944534,35.350193,0,0,413,454.1
138.944458,35.350208,0,0,414,454.3
138.944382,35.35022,0,0,415,454.5
138.94429,35.350239,0,0,416,454.8
138.944214,35.350254,0,0,417,455
138.944138,35.350265,0,0,418,455.2
138.944061,35.350281,0,0,419,455.4
138.943985,35.350296,0,0,420,455.5
138.943893,35.350311,0,0,421,455.7
138.943787,35.350327,0,0,422,455.9
138.943695,35.350346,0,0,423,456.1
138.943619,35.350357,0,0,424,456.2
138.943512,35.350376,0,0,425,456.3
138.943436,35.350391,0,0,426,456.4
138.943329,35.35041,0,0,427,456.5
138.943237,35.350426,0,0,428,456.7
138.94313,35.350445,0,0,429,456.8
138.943039,35.35046,0,0,430,457
138.942947,35.350479,0,0,431,457.1
138.942841,35.350498,0,0,432,457.3
138.942749,35.350513,0,0,433,457.5
138.942657,35.350532,0,0,434,457.6
138.942551,35.350552,0,0,435,457.8
138.942444,35.350571,0,0,436,458
138.942337,35.35059,0,0,437,458.3
138.94223,35.350609,0,0,438,458.5
138.942139,35.350624,0,0,439,458.8
138.942047,35.350639,0,0,440,459
138.94194,35.350658,0,0,441,459.3
138.941864,35.350674,0,0,442,459.5
138.941772,35.350693,0,0,443,459.7
138.941681,35.350708,0,0,444,460
138.941605,35.350719,0,0,445,460.2
138.941528,35.350738,0,0,446,460.4
138.941437,35.350761,0,0,447,460.6
138.941345,35.350788,0,0,448,460.8
138.941284,35.350811,0,0,449,461
138.941223,35.350834,0,0,450,461.1
138.941147,35.350864,0,0,451,461.3
138.941071,35.350899,0,0,452,461.5
138.940994,35.350933,0,0,453,461.7
138.940933,35.350967,0,0,454,461.9
138.940872,35.350998,0,0,455,462
138.940811,35.35104,0,0,456,462.2
138.940765,35.351074,0,0,457,462.3
138.940704,35.351112,0,0,458,462.5
138.940643,35.351154,0,0,459,462.7
138.940597,35.351192,0,0,460,462.9
138.940536,35.351234,0,0,461,463.1
138.940475,35.35128,0,0,462,463.3
138.94043,35.351318,0,0,463,463.4
138.940369,35.35136,0,0,464,463.6
138.940308,35.351402,0,0,465,463.8
138.940262,35.351433,0,0,466,464
138.940216,35.351471,0,0,467,464.2
138.94017,35.351505,0,0,468,464.3
138.940109,35.35154,0,0,469,464.5
138.940079,35.35157,0,0,470,464.7
138.940033,35.351604,0,0,471,464.8
138.939987,35.351635,0,0,472,464.9
138.939941,35.351669,0,0,473,465.1
138.939896,35.3517,0,0,474,465.2
138.93985,35.35173,0,0,475,465.4
138.939804,35.351765,0,0,476,465.6
138.939774,35.351791,0,0,477,465.7
138.939728,35.351826,0,0,478,465.8
138.939682,35.35186,0,0,479,466
138.939636,35.351894,0,0,480,466.2
138.93959,35.351929,0,0,481,466.3
138.939545,35.351959,0,0,482,466.5
138.939499,35.351994,0,0,483,466.6
138.939453,35.352032,0,0,484,466.8
138.939407,35.352066,0,0,485,467
138.939362,35.3521,0,0,486,467.1
138.939316,35.352135,0,0,487,467.3
138.93927,35.352173,0,0,488,467.5
138.939239,35.352203,0,0,489,467.7
138.939194,35.352241,0,0,490,467.9
138.939148,35.35228,0,0,491,468.1
138.939102,35.35231,0,0,492,468.2
138.939056,35.352348,0,0,493,468.4
138.939011,35.352386,0,0,494,468.6
138.93898,35.352417,0,0,495,468.8
138.938934,35.352455,0,0,496,469.1
138.938888,35.352493,0,0,497,469.3
138.938858,35.352528,0,0,498,469.5
138.938812,35.352566,0,0,499,469.8
138.938782,35.3526,0,0,500,470.1
138.938736,35.352642,0,0,501,470.4
138.938705,35.352673,0,0,502,470.6
138.93866,35.352715,0,0,503,471
138.938614,35.352753,0,0,504,471.4
138.938583,35.352787,0,0,505,471.7
138.938553,35.352821,0,0,506,471.9
138.938522,35.352856,0,0,507,472.2
138.938492,35.35289,0,0,508,472.5
138.938446,35.352932,0,0,509,472.9
138.938415,35.352962,0,0,510,473.2
138.938385,35.353001,0,0,511,473.5
138.938339,35.353039,0,0,512,473.8
138.938309,35.353069,0,0,513,474.1
138.938278,35.353107,0,0,514,474.4
138.938248,35.353146,0,0,515,474.7
138.938217,35.35318,0,0,516,474.9
138.938187,35.35321,0,0,517,475.2
138.938156,35.353252,0,0,518,475.6
138.938126,35.353287,0,0,519,475.9
138.938095,35.353321,0,0,520,476.2
138.938065,35.353359,0,0,521,476.5
138.938034,35.353394,0,0,522,476.9
138.937988,35.353432,0,0,523,477.3
138.937973,35.353462,0,0,524,477.5
138.937942,35.353493,0,0,525,477.9
138.937912,35.353527,0,0,526,478.3
138.937881,35.35355,0,0,527,478.6
138.937851,35.35358,0,0,528,478.9
138.937836,35.353603,0,0,529,479.2
138.937805,35.35363,0,0,530,479.5
138.937775,35.353657,0,0,531,479.9
138.937744,35.353676,0,0,532,480.2
138.937714,35.353702,0,0,533,480.5
138.937683,35.353729,0,0,534,480.9
138.937653,35.353748,0,0,535,481.2
138.937622,35.353775,0,0,536,481.5
138.937592,35.353794,0,0,537,481.8
138.937561,35.353806,0,0,538,482.1
138.937546,35.353821,0,0,539,482.2
138.937515,35.353832,0,0,540,482.5
138.9375,35.353844,0,0,541,482.7
138.937485,35.353855,0,0,542,482.8
138.937454,35.353867,0,0,543,483.1
138.937424,35.353878,0,0,544,483.3
138.937408,35.353893,0,0,545,483.5
138.937378,35.353905,0,0,546,483.7
138.937347,35.353916,0,0,547,484
138.937332,35.353928,0,0,548,484.1
138.937302,35.353935,0,0,549,484.4
138.937256,35.353947,0,0,550,484.7
138.937225,35.353958,0,0,551,485
138.937179,35.353966,0,0,552,485.4
138.937149,35.353973,0,0,553,485.6
138.937103,35.353981,0,0,554,486
138.937073,35.353981,0,0,555,486.2
138.937027,35.353985,0,0,556,486.6
138.936996,35.353985,0,0,557,486.8
138.936951,35.353985,0,0,558,487.2
138.93692,35.353985,0,0,559,487.4
138.936874,35.353981,0,0,560,487.8
138.936829,35.353977,0,0,561,488.1
138.936798,35.353973,0,0,562,488.4
138.936752,35.35397,0,0,563,488.7
138.936722,35.353966,0,0,564,488.9
138.936691,35.353962,0,0,565,489.1
138.936661,35.353958,0,0,566,489.3
138.93663,35.35395,0,0,567,489.5
138.936584,35.353947,0,0,568,489.8
138.936554,35.353943,0,0,569,490
138.936508,35.353935,0,0,570,490.3
138.936478,35.353931,0,0,571,490.5
138.936447,35.353928,0,0,572,490.7
138.936401,35.353924,0,0,573,491
138.936371,35.35392,0,0,574,491.2
138.93634,35.353916,0,0,575,491.4
138.936295,35.353912,0,0,576,491.7
138.936249,35.353905,0,0,577,491.9
138.936218,35.353901,0,0,578,492.2
138.936188,35.353897,0,0,579,492.4
138.936142,35.353893,0,0,580,492.7
138.936111,35.353889,0,0,581,492.9
138.936066,35.353886,0,0,582,493.2
138.936035,35.353882,0,0,583,493.4
138.936005,35.353878,0,0,584,493.6
138.935959,35.35387,0,0,585,493.9
138.935928,35.353867,0,0,586,494.1
138.935883,35.353863,0,0,587,494.4
138.935837,35.353859,0,0,588,494.7
138.935806,35.353851,0,0,589,494.9
138.935745,35.353847,0,0,590,495.3
138.935699,35.353844,0,0,591,495.6
138.935669,35.353836,0,0,592,495.7
138.935638,35.353832,0,0,593,495.9
138.935593,35.353828,0,0,594,496.2
138.935547,35.353825,0,0,595,496.4
138.935516,35.353821,0,0,596,496.6
138.935471,35.353813,0,0,597,496.8
138.93544,35.353809,0,0,598,497
138.935394,35.353806,0,0,599,497.2
138.935348,35.353798,0,0,600,497.4
138.935303,35.353794,0,0,601,497.8
138.935272,35.35379,0,0,602,497.9
138.935226,35.353786,0,0,603,498.2
138.935181,35.353779,0,0,604,498.5
138.935135,35.353775,0,0,605,498.7
138.935104,35.353771,0,0,606,498.9
138.935059,35.353764,0,0,607,499.1
138.935013,35.35376,0,0,608,499.4
138.934967,35.353756,0,0,609,499.6
138.934921,35.353752,0,0,610,499.8
138.934875,35.353744,0,0,611,500
138.934814,35.353737,0,0,612,500.3
138.934769,35.353733,0,0,613,500.5
138.934723,35.353725,0,0,614,500.7
138.934662,35.353722,0,0,615,501
138.934616,35.353714,0,0,616,501.2
138.93457,35.35371,0,0,617,501.3
138.934509,35.353702,0,0,618,501.6
138.934479,35.353695,0,0,619,501.7
138.934418,35.353687,0,0,620,501.8
138.934372,35.353683,0,0,621,502
138.934326,35.353676,0,0,622,502.1
138.934265,35.353664,0,0,623,502.2
138.934189,35.353653,0,0,624,502.3
138.934143,35.353641,0,0,625,502.4
138.934067,35.35363,0,0,626,502.5
138.934006,35.353619,0,0,627,502.6
138.933929,35.353603,0,0,628,502.7
138.933868,35.353588,0,0,629,502.8
138.933807,35.353577,0,0,630,502.8
138.933731,35.353561,0,0,631,502.9
138.933655,35.353546,0,0,632,503
138.933594,35.353535,0,0,633,503
138.933517,35.353519,0,0,634,503.1
138.933456,35.353508,0,0,635,503.2
138.933365,35.353493,0,0,636,503.4
138.933289,35.353477,0,0,637,503.5
138.933212,35.353462,0,0,638,503.6
138.933136,35.353447,0,0,639,503.7
138.93306,35.353432,0,0,640,503.8
138.932983,35.353416,0,0,641,503.9
138.932907,35.353405,0,0,642,503.9
138.932846,35.35339,0,0,643,504
138.93277,35.353378,0,0,644,504
138.932693,35.353363,0,0,645,504.1
138.932617,35.353352,0,0,646,504.2
138.932541,35.353336,0,0,647,504.2
138.932465,35.353321,0,0,648,504.3
138.932388,35.353306,0,0,649,504.3
138.932312,35.353291,0,0,650,504.4
138.932236,35.353275,0,0,651,504.4
138.932159,35.353264,0,0,652,504.5
138.932068,35.353245,0,0,653,504.6
138.931992,35.35323,0,0,654,504.6
138.9319,35.353214,0,0,655,504.7
138.931824,35.353199,0,0,656,504.8
138.931747,35.353184,0,0,657,504.9
138.931671,35.353172,0,0,658,505
138.931595,35.353153,0,0,659,505.1
138.931519,35.353138,0,0,660,505.2
138.931442,35.353126,0,0,661,505.3
138.931366,35.353111,0,0,662,505.4
138.93129,35.353096,0,0,663,505.5
138.931198,35.353081,0,0,664,505.7
138.931122,35.353065,0,0,665,505.8
138.93103,35.353046,0,0,666,505.9
138.930939,35.353031,0,0,667,506
138.930847,35.353016,0,0,668,506.1
138.930771,35.353001,0,0,669,506.1
138.930679,35.352982,0,0,670,506.2
138.930588,35.352966,0,0,671,506.2
138.930496,35.352947,0,0,672,506.3
138.93042,35.352932,0,0,673,506.3
138.930344,35.35292,0,0,674,506.4
138.930267,35.352905,0,0,675,506.5
138.930176,35.352886,0,0,676,506.6
138.930084,35.352867,0,0,677,506.7
138.930008,35.352856,0,0,678,506.8
138.929932,35.35284,0,0,679,506.9
138.92984,35.352821,0,0,680,507.1
138.929764,35.352806,0,0,681,507.2
138.929687,35.352795,0,0,682,507.4
138.929611,35.352779,0,0,683,507.5
138.92952,35.35276,0,0,684,507.7
138.929428,35.352745,0,0,685,507.9
138.929352,35.35273,0,0,686,508
138.929291,35.352715,0,0,687,508.2
138.929199,35.352699,0,0,688,508.3
138.929108,35.352684,0,0,689,508.4
138.929031,35.352669,0,0,690,508.4
138.928955,35.352653,0,0,691,508.4
138.928848,35.352634,0,0,692,508.4
138.928772,35.352619,0,0,693,508.4
138.92868,35.352604,0,0,694,508.4
138.928604,35.352592,0,0,695,508.4
138.928528,35.352585,0,0,696,508.4
138.928436,35.352577,0,0,697,508.4
138.928329,35.352573,0,0,698,508.4
138.928238,35.35257,0,0,699,508.4
138.928162,35.35257,0,0,700,508.5
138.928085,35.352566,0,0,701,508.5
138.928009,35.352562,0,0,702,508.5
138.927902,35.352558,0,0,703,508.7
138.927826,35.352558,0,0,704,508.8
138.927734,35.352554,0,0,705,509
138.927658,35.35255,0,0,706,509.1
138.927566,35.352547,0,0,707,509.3
138.927475,35.352543,0,0,708,509.5
138.927399,35.352543,0,0,709,509.7
138.927322,35.352539,0,0,710,509.9
138.927231,35.352535,0,0,711,510.2
138.927154,35.352535,0,0,712,510.4
138.927063,35.352531,0,0,713,510.7
138.926987,35.352528,0,0,714,510.9
138.926895,35.352524,0,0,715,511.1
138.926804,35.352524,0,0,716,511.3
138.926712,35.35252,0,0,717,511.6
138.926636,35.352516,0,0,718,511.8
138.926559,35.352512,0,0,719,512
138.926468,35.352512,0,0,720,512.2
138.926376,35.352508,0,0,721,512.5
138.926285,35.352505,0,0,722,512.8
138.926208,35.352501,0,0,723,513.1
138.926132,35.352497,0,0,724,513.3
138.926041,35.352497,0,0,725,513.7
138.925949,35.352493,0,0,726,514
138.925888,35.352489,0,0,727,514.2
138.925827,35.352489,0,0,728,514.5
138.925766,35.352486,0,0,729,514.7
138.92572,35.352486,0,0,730,514.9
138.925674,35.352482,0,0,731,515.2
138.925613,35.352482,0,0,732,515.4
138.925552,35.352478,0,0,733,515.7
138.925507,35.352478,0,0,734,515.9
138.925445,35.352474,0,0,735,516.2
138.9254,35.352474,0,0,736,516.3
138.925354,35.35247,0,0,737,516.5
138.925293,35.35247,0,0,738,516.7
138.925247,35.352467,0,0,739,516.8
138.925186,35.352467,0,0,740,517
138.925125,35.352463,0,0,741,517.1
138.925079,35.352463,0,0,742,517.2
138.925018,35.352459,0,0,743,517.1
138.924973,35.352459,0,0,744,517
138.924911,35.352455,0,0,745,517.1
138.924866,35.352455,0,0,746,517.2
138.924805,35.352455,0,0,747,517.7
138.924759,35.352451,0,0,748,517.9
138.924713,35.352451,0,0,749,518
138.924667,35.352447,0,0,750,518.1
138.924606,35.352447,0,0,751,518.7
138.924561,35.352444,0,0,752,518.9
138.924515,35.352444,0,0,753,519.4
138.924484,35.352444,0,0,754,519.4
138.924423,35.35244,0,0,755,520.1
138.924377,35.35244,0,0,756,520.1
138.924332,35.352436,0,0,757,520.1
138.924271,35.352436,0,0,758,520
138.92421,35.352432,0,0,759,520.4
138.924164,35.352432,0,0,760,520.8
138.924118,35.352428,0,0,761,521.4
138.924057,35.352428,0,0,762,521.9
138.923996,35.352425,0,0,763,523.1
138.92392,35.352421,0,0,764,523.7
138.923843,35.352421,0,0,765,523.6
138.923782,35.352417,0,0,766,523.4
138.923721,35.352417,0,0,767,523.3
138.923645,35.352413,0,0,768,523.4
138.923569,35.352409,0,0,769,523.8
138.923492,35.352409,0,0,770,523.8
138.923416,35.352405,0,0,771,523.7
138.92334,35.352402,0,0,772,523.4
138.923264,35.352402,0,0,773,523.6
138.923203,35.352398,0,0,774,523.8
138.923111,35.352394,0,0,775,524
138.923019,35.35239,0,0,776,524.4
138.922958,35.35239,0,0,777,524.6
138.922897,35.352386,0,0,778,524.8
138.922821,35.352383,0,0,779,525.1
138.92276,35.352383,0,0,780,525.3
138.922699,35.352383,0,0,781,525.5
138.922638,35.352383,0,0,782,525.6
138.922577,35.352386,0,0,783,525.8
138.922516,35.35239,0,0,784,526
138.922455,35.352394,0,0,785,526.1
138.922394,35.352402,0,0,786,526.3
138.922333,35.352409,0,0,787,526.5
138.922272,35.352417,0,0,788,526.6
138.922211,35.352428,0,0,789,526.8
138.92215,35.35244,0,0,790,527
138.922104,35.352451,0,0,791,527.1
138.922043,35.352463,0,0,792,527.3
138.921982,35.352478,0,0,793,527.5
138.921921,35.352493,0,0,794,527.8
138.921875,35.352508,0,0,795,528
138.921829,35.352524,0,0,796,528.1
138.921783,35.352539,0,0,797,528.3
138.921738,35.352554,0,0,798,528.5
138.921692,35.352566,0,0,799,528.7
138.921646,35.352581,0,0,800,528.9
138.9216,35.352596,0,0,801,529.2
138.921539,35.352612,0,0,802,529.4
138.921494,35.352627,0,0,803,529.6
138.921448,35.352642,0,0,804,529.9
138.921402,35.352661,0,0,805,530.1
138.921356,35.352673,0,0,806,530.3
138.921295,35.352692,0,0,807,530.6
138.921234,35.352711,0,0,808,530.9
138.921188,35.352726,0,0,809,531.2
138.921158,35.352737,0,0,810,531.3
138.921112,35.352753,0,0,811,531.6
138.921066,35.352764,0,0,812,531.8
138.92102,35.352779,0,0,813,532.1
138.92099,35.352791,0,0,814,532.3
138.920959,35.352802,0,0,815,532.4
138.920914,35.352818,0,0,816,532.7
138.920883,35.352829,0,0,817,532.9
138.920837,35.352844,0,0,818,533.1
138.920807,35.352856,0,0,819,533.3
138.920761,35.352867,0,0,820,533.6
138.920715,35.352882,0,0,821,533.9
138.920669,35.352898,0,0,822,534.2
138.920624,35.352909,0,0,823,534.4
138.920578,35.352924,0,0,824,534.7
138.920547,35.352936,0,0,825,534.9
138.920502,35.352947,0,0,826,535.2
138.920471,35.352959,0,0,827,535.4
138.920425,35.352966,0,0,828,535.6
138.92038,35.352978,0,0,829,535.9
138.920349,35.352989,0,0,830,536
138.920303,35.352997,0,0,831,536.2
138.920258,35.353008,0,0,832,536.4
138.920196,35.35302,0,0,833,536.7
138.920151,35.353031,0,0,834,536.9
138.92009,35.353043,0,0,835,537
138.920044,35.353054,0,0,836,537.2
138.919998,35.353062,0,0,837,537.3
138.919952,35.353069,0,0,838,537.4
138.919891,35.353077,0,0,839,537.5
138.919846,35.353088,0,0,840,537.6
138.9198,35.353096,0,0,841,537.7
138.919739,35.353107,0,0,842,537.8
138.919678,35.353123,0,0,843,537.9
138.919601,35.353138,0,0,844,538
138.919556,35.353149,0,0,845,538.1
138.919495,35.353161,0,0,846,538.2
138.919418,35.353176,0,0,847,538.3
138.919357,35.353188,0,0,848,538.4
138.919296,35.353199,0,0,849,538.5
138.919235,35.35321,0,0,850,538.6
138.919159,35.353222,0,0,851,538.7
138.919098,35.35323,0,0,852,538.8
138.919022,35.353237,0,0,853,538.9
138.918945,35.353245,0,0,854,539.1
138.918869,35.353252,0,0,855,539.2
138.918808,35.353256,0,0,856,539.3
138.918716,35.353264,0,0,857,539.4
138.91864,35.353271,0,0,858,539.6
138.918579,35.353275,0,0,859,539.7
138.918503,35.353283,0,0,860,539.9
138.918426,35.353291,0,0,861,540
138.91835,35.353294,0,0,862,540.2
138.918274,35.353302,0,0,863,540.3
138.918198,35.35331,0,0,864,540.4
138.918137,35.353321,0,0,865,540.5
138.91806,35.353329,0,0,866,540.6
138.917984,35.35334,0,0,867,540.8
138.917923,35.353348,0,0,868,540.9
138.917847,35.353355,0,0,869,541
138.917786,35.353363,0,0,870,541.1
138.917709,35.353371,0,0,871,541.2
138.917633,35.353374,0,0,872,541.4
138.917541,35.353382,0,0,873,541.5
138.917465,35.353386,0,0,874,541.6
138.917389,35.353386,0,0,875,541.7
138.917328,35.353386,0,0,876,541.8
138.917236,35.353386,0,0,877,542
138.917175,35.353382,0,0,878,542.1
138.917084,35.353378,0,0,879,542.2
138.917007,35.353374,0,0,880,542.3
138.916931,35.353371,0,0,881,542.5
138.91684,35.353367,0,0,882,542.6
138.916763,35.353363,0,0,883,542.8
138.916687,35.353359,0,0,884,542.9
138.916611,35.353355,0,0,885,543
138.91655,35.353352,0,0,886,543.2
138.916473,35.353348,0,0,887,543.3
138.916397,35.353344,0,0,888,543.5
138.916321,35.35334,0,0,889,543.6
138.916244,35.353336,0,0,890,543.7
138.916168,35.353333,0,0,891,543.9
138.916092,35.353329,0,0,892,544
138.916016,35.353325,0,0,893,544.1
138.915924,35.353321,0,0,894,544.3
138.915832,35.353317,0,0,895,544.5
138.915741,35.353313,0,0,896,544.7
138.91568,35.35331,0,0,897,544.9
138.915604,35.35331,0,0,898,545.1
138.915512,35.353302,0,0,899,545.3
138.915436,35.353298,0,0,900,545.5
138.915359,35.353298,0,0,901,545.7
138.915283,35.353294,0,0,902,545.9
138.915222,35.353291,0,0,903,546.1
138.915146,35.353287,0,0,904,546.3
138.91507,35.353283,0,0,905,546.5
138.915009,35.353279,0,0,906,546.6
138.914948,35.353279,0,0,907,546.8
138.914886,35.353275,0,0,908,547
138.914825,35.353271,0,0,909,547.3
138.914764,35.353268,0,0,910,547.5
138.914703,35.353268,0,0,911,547.7
138.914658,35.353264,0,0,912,547.9
138.914581,35.35326,0,0,913,548.2
138.914535,35.35326,0,0,914,548.4
138.914474,35.353256,0,0,915,548.6
138.914429,35.353256,0,0,916,548.7
138.914352,35.353252,0,0,917,549
138.914291,35.353249,0,0,918,549.2
138.914246,35.353245,0,0,919,549.3
138.914184,35.353245,0,0,920,549.5
138.914123,35.353241,0,0,921,549.7
138.914062,35.353237,0,0,922,549.9
138.914001,35.353237,0,0,923,550.1
138.913925,35.353233,0,0,924,550.3
138.913879,35.35323,0,0,925,550.5
138.913818,35.353226,0,0,926,550.7
138.913742,35.353226,0,0,927,550.9
138.913681,35.353222,0,0,928,551.1
138.91362,35.353218,0,0,929,551.3
138.913559,35.353214,0,0,930,551.5
138.913483,35.35321,0,0,931,551.7
138.913422,35.35321,0,0,932,551.9
138.913361,35.353207,0,0,933,552.1
138.9133,35.353203,0,0,934,552.2
138.913239,35.353203,0,0,935,552.4
138.913177,35.353199,0,0,936,552.6
138.913132,35.353195,0,0,937,552.8
138.913071,35.353195,0,0,938,553
138.91301,35.353191,0,0,939,553.2
138.912964,35.353188,0,0,940,553.4
138.912903,35.353188,0,0,941,553.7
138.912857,35.353184,0,0,942,553.8
138.912811,35.35318,0,0,943,554
138.912765,35.35318,0,0,944,554.2
138.912704,35.353176,0,0,945,554.5
138.912659,35.353176,0,0,946,554.6
138.912598,35.353172,0,0,947,554.9
138.912552,35.353168,0,0,948,555.1
138.912491,35.353168,0,0,949,555.3
138.912445,35.353165,0,0,950,555.5
138.912399,35.353165,0,0,951,555.6
138.912353,35.353161,0,0,952,555.8
138.912308,35.353161,0,0,953,556
138.912247,35.353157,0,0,954,556.2
138.912201,35.353153,0,0,955,556.3
138.912155,35.353153,0,0,956,556.5
138.912109,35.353149,0,0,957,556.7
138.912064,35.353149,0,0,958,556.8
138.912003,35.353146,0,0,959,557.1
138.911957,35.353142,0,0,960,557.2
138.911911,35.353142,0,0,961,557.4
138.91185,35.353138,0,0,962,557.6
138.911804,35.353138,0,0,963,557.8
138.911743,35.353134,0,0,964,558.1
138.911682,35.35313,0,0,965,558.4
138.911636,35.35313,0,0,966,558.6
138.911575,35.353126,0,0,967,558.9
138.911514,35.353123,0,0,968,559.1
138.911468,35.353123,0,0,969,559.3
138.911407,35.353119,0,0,970,559.6
138.911346,35.353115,0,0,971,559.9
138.911301,35.353115,0,0,972,560.1
138.91124,35.353111,0,0,973,560.3
138.911194,35.353111,0,0,974,560.5
138.911133,35.353107,0,0,975,560.7
138.911087,35.353104,0,0,976,560.8
138.911041,35.353104,0,0,977,561
138.910995,35.3531,0,0,978,561.2
138.91095,35.3531,0,0,979,561.3
138.910904,35.353096,0,0,980,561.5
138.910858,35.353096,0,0,981,561.6
138.910812,35.353092,0,0,982,561.8
138.910767,35.353092,0,0,983,562
138.910706,35.353088,0,0,984,562.2
138.91066,35.353084,0,0,985,562.4
138.910614,35.353084,0,0,986,562.5
138.910553,35.353081,0,0,987,562.7
138.910522,35.353081,0,0,988,562.9
138.910461,35.353077,0,0,989,563.1
138.910416,35.353077,0,0,990,563.3
138.91037,35.353073,0,0,991,563.4
138.910324,35.353069,0,0,992,563.6
138.910278,35.353069,0,0,993,563.8
138.910233,35.353065,0,0,994,564
138.910187,35.353065,0,0,995,564.2
138.910141,35.353062,0,0,996,564.3
138.910095,35.353062,0,0,997,564.5
138.910049,35.353058,0,0,998,564.7
138.910004,35.353058,0,0,999,564.9
138.909958,35.353054,0,0,1000,565
138.909897,35.35305,0,0,1001,565.3
138.909851,35.35305,0,0,1002,565.5
138.90979,35.353046,0,0,1003,565.7
138.909729,35.353046,0,0,1004,566
138.909668,35.353043,0,0,1005,566.3
138.909607,35.353039,0,0,1006,566.5
138.909546,35.353035,0,0,1007,566.8
138.909485,35.353035,0,0,1008,567
138.909424,35.353031,0,0,1009,567.2
138.909363,35.353027,0,0,1010,567.5
138.909302,35.353027,0,0,1011,567.8
138.909256,35.353023,0,0,1012,568
138.90921,35.35302,0,0,1013,568.3
138.909149,35.35302,0,0,1014,568.5
138.909103,35.353016,0,0,1015,568.7
138.909042,35.353012,0,0,1016,569
138.908997,35.353012,0,0,1017,569.2
138.908935,35.353008,0,0,1018,569.4
138.908905,35.353004,0,0,1019,569.6
138.908844,35.353004,0,0,1020,569.8
138.908798,35.353001,0,0,1021,570.1
138.908737,35.352997,0,0,1022,570.3
138.908691,35.352997,0,0,1023,570.5
138.908646,35.352993,0,0,1024,570.7
138.9086,35.352993,0,0,1025,570.9
138.908569,35.352989,0,0,1026,571.1
138.908524,35.352989,0,0,1027,571.3
138.908478,35.352985,0,0,1028,571.5
138.908417,35.352982,0,0,1029,571.7
138.908371,35.352982,0,0,1030,571.9
138.90831,35.352978,0,0,1031,572.1
138.908264,35.352974,0,0,1032,572.3
138.908218,35.352974,0,0,1033,572.5
138.908173,35.35297,0,0,1034,572.6
138.908127,35.352966,0,0,1035,572.8
138.908081,35.352966,0,0,1036,573
138.908035,35.352962,0,0,1037,573.1
138.907989,35.352962,0,0,1038,573.3
138.907944,35.352959,0,0,1039,573.5
138.907883,35.352955,0,0,1040,573.7
138.907837,35.352955,0,0,1041,573.9
138.907791,35.352951,0,0,1042,574.1
138.907745,35.352947,0,0,1043,574.2
138.9077,35.352947,0,0,1044,574.4
138.907654,35.352943,0,0,1045,574.6
138.907608,35.352943,0,0,1046,574.8
138.907562,35.35294,0,0,1047,574.9
138.907501,35.352936,0,0,1048,575.2
138.907455,35.352936,0,0,1049,575.3
138.907394,35.352932,0,0,1050,575.6
138.907349,35.352928,0,0,1051,575.7
138.907303,35.352928,0,0,1052,575.9
138.907242,35.352924,0,0,1053,576.1
138.907181,35.35292,0,0,1054,576.3
138.90712,35.352917,0,0,1055,576.5
138.907074,35.352917,0,0,1056,576.6
138.907013,35.352913,0,0,1057,576.8
138.906952,35.352909,0,0,1058,577
138.906891,35.352905,0,0,1059,577.1
138.906815,35.352905,0,0,1060,577.4
138.906769,35.352901,0,0,1061,577.5
138.906708,35.352898,0,0,1062,577.7
138.906631,35.352894,0,0,1063,577.9
138.906586,35.352894,0,0,1064,578.1
138.906525,35.35289,0,0,1065,578.2
138.906464,35.352886,0,0,1066,578.4
138.906403,35.352882,0,0,1067,578.6
138.906342,35.352879,0,0,1068,578.8
138.906265,35.352879,0,0,1069,579
138.906204,35.352875,0,0,1070,579.2
138.906143,35.352871,0,0,1071,579.4
138.906067,35.352867,0,0,1072,579.7
138.906021,35.352863,0,0,1073,579.8
138.90596,35.352863,0,0,1074,580.1
138.905899,35.352859,0,0,1075,580.3
138.905853,35.352856,0,0,1076,580.5
138.905777,35.352852,0,0,1077,580.8
138.905731,35.352852,0,0,1078,580.9
138.905685,35.352848,0,0,1079,581.1
138.905624,35.352844,0,0,1080,581.3
138.905563,35.352844,0,0,1081,581.6
138.905518,35.35284,0,0,1082,581.8
138.905457,35.352837,0,0,1083,582
138.905395,35.352833,0,0,1084,582.2
138.90535,35.352833,0,0,1085,582.4
138.905289,35.352829,0,0,1086,582.7
138.905228,35.352825,0,0,1087,582.9
138.905182,35.352825,0,0,1088,583.1
138.905121,35.352821,0,0,1089,583.3
138.905075,35.352818,0,0,1090,583.5
138.905014,35.352818,0,0,1091,583.8
138.904968,35.352814,0,0,1092,583.9
138.904907,35.35281,0,0,1093,584.1
138.904861,35.35281,0,0,1094,584.3
138.904816,35.352806,0,0,1095,584.4
138.904755,35.352802,0,0,1096,584.6
138.904709,35.352802,0,0,1097,584.8
138.904648,35.352798,0,0,1098,585
138.904587,35.352798,0,0,1099,585.2
138.904541,35.352795,0,0,1100,585.3
138.90448,35.352795,0,0,1101,585.5
138.904434,35.352791,0,0,1102,585.7
138.904373,35.352787,0,0,1103,585.9
138.904312,35.352787,0,0,1104,586.1
138.904266,35.352783,0,0,1105,586.2
138.904221,35.352779,0,0,1106,586.4
138.904159,35.352779,0,0,1107,586.5
138.904098,35.352776,0,0,1108,586.7
138.904037,35.352772,0,0,1109,586.9
138.903976,35.352768,0,0,1110,587.1
138.903915,35.352764,0,0,1111,587.3
138.90387,35.35276,0,0,1112,587.4
138.903809,35.352756,0,0,1113,587.6
138.903748,35.352749,0,0,1114,587.8
138.903702,35.352745,0,0,1115,587.9
138.903641,35.352734,0,0,1116,588.1
138.90358,35.352726,0,0,1117,588.3
138.903534,35.352718,0,0,1118,588.4
138.903473,35.352711,0,0,1119,588.6
138.903412,35.352699,0,0,1120,588.8
138.903366,35.352688,0,0,1121,589
138.903305,35.35268,0,0,1122,589.2
138.903259,35.352673,0,0,1123,589.4
138.903213,35.352661,0,0,1124,589.6
138.903152,35.352653,0,0,1125,589.8
138.903107,35.352646,0,0,1126,590
138.903061,35.352634,0,0,1127,590.2
138.903015,35.352623,0,0,1128,590.4
138.902954,35.352615,0,0,1129,590.7
138.902908,35.352604,0,0,1130,590.9
138.902847,35.352596,0,0,1131,591.2
138.902801,35.352585,0,0,1132,591.4
138.902756,35.352573,0,0,1133,591.6
138.90271,35.352566,0,0,1134,591.8
138.902664,35.352558,0,0,1135,592
138.902634,35.35255,0,0,1136,592.1
138.902588,35.352543,0,0,1137,592.3
138.902542,35.352535,0,0,1138,592.5
138.902496,35.352528,0,0,1139,592.7
138.902451,35.35252,0,0,1140,592.9
138.902405,35.352508,0,0,1141,593.1
138.902359,35.352501,0,0,1142,593.2
138.902298,35.352489,0,0,1143,593.5
138.902252,35.352482,0,0,1144,593.7
138.902206,35.352474,0,0,1145,593.9
138.902161,35.352463,0,0,1146,594
138.902115,35.352455,0,0,1147,594.2
138.902069,35.352447,0,0,1148,594.4
138.902023,35.352436,0,0,1149,594.6
138.901978,35.352428,0,0,1150,594.8
138.901932,35.352421,0,0,1151,595
138.901886,35.352413,0,0,1152,595.1
138.90184,35.352405,0,0,1153,595.3
138.90181,35.352398,0,0,1154,595.5
138.901764,35.35239,0,0,1155,595.7
138.901718,35.352379,0,0,1156,595.9
138.901657,35.352371,0,0,1157,596.1
138.901611,35.35236,0,0,1158,596.3
138.901566,35.352352,0,0,1159,596.5
138.90152,35.352344,0,0,1160,596.7
138.901474,35.352337,0,0,1161,596.9
138.901443,35.352325,0,0,1162,597.1
138.901382,35.352318,0,0,1163,597.4
138.901352,35.35231,0,0,1164,597.5
138.901291,35.352299,0,0,1165,597.8
138.90126,35.352291,0,0,1166,597.9
138.901215,35.352283,0,0,1167,598.1
138.901169,35.352276,0,0,1168,598.3
138.901123,35.352268,0,0,1169,598.6
138.901062,35.352257,0,0,1170,598.8
138.901016,35.352245,0,0,1171,599.1
138.90097,35.352238,0,0,1172,599.3
138.900909,35.352226,0,0,1173,599.5
138.900848,35.352215,0,0,1174,599.8
138.900787,35.352203,0,0,1175,600.1
138.900742,35.352196,0,0,1176,600.3
138.90068,35.352184,0,0,1177,600.6
138.900635,35.352177,0,0,1178,600.8
138.900589,35.352165,0,0,1179,601
138.900528,35.352158,0,0,1180,601.3
138.900482,35.352146,0,0,1181,601.5
138.900436,35.352135,0,0,1182,601.7
138.900391,35.352127,0,0,1183,601.9
138.900345,35.352119,0,0,1184,602.1
138.900299,35.352112,0,0,1185,602.3
138.900269,35.352104,0,0,1186,602.4
138.900223,35.352097,0,0,1187,602.6
138.900177,35.352089,0,0,1188,602.9
138.900131,35.352081,0,0,1189,603.1
138.900101,35.352074,0,0,1190,603.2
138.900055,35.352066,0,0,1191,603.4
138.900009,35.352058,0,0,1192,603.6
138.899963,35.352047,0,0,1193,603.9
138.899918,35.352039,0,0,1194,604.1
138.899872,35.352032,0,0,1195,604.3
138.899826,35.352024,0,0,1196,604.5
138.89978,35.352013,0,0,1197,604.7
138.899734,35.352005,0,0,1198,604.9
138.899673,35.351994,0,0,1199,605.2
138.899628,35.351986,0,0,1200,605.4
138.899582,35.351974,0,0,1201,605.6
138.899536,35.351967,0,0,1202,605.8
138.89949,35.351959,0,0,1203,605.9
138.899444,35.351952,0,0,1204,606.1
138.899414,35.351944,0,0,1205,606.3
138.899368,35.351936,0,0,1206,606.5
138.899322,35.351929,0,0,1207,606.7
138.899277,35.351917,0,0,1208,606.9
138.899231,35.35191,0,0,1209,607.1
138.899185,35.351902,0,0,1210,607.3
138.899139,35.351894,0,0,1211,607.5
138.899094,35.351887,0,0,1212,607.7
138.899048,35.351879,0,0,1213,607.9
138.899002,35.351868,0,0,1214,608.1
138.898956,35.35186,0,0,1215,608.3
138.89891,35.351852,0,0,1216,608.5
138.898865,35.351845,0,0,1217,608.6
138.898819,35.351837,0,0,1218,608.8
138.898788,35.351829,0,0,1219,609
138.898743,35.351818,0,0,1220,609.2
138.898697,35.35181,0,0,1221,609.5
138.898651,35.351803,0,0,1222,609.7
138.898605,35.351795,0,0,1223,609.9
138.89856,35.351788,0,0,1224,610.2
138.898514,35.35178,0,0,1225,610.4
138.898468,35.351768,0,0,1226,610.6
138.898422,35.351761,0,0,1227,610.9
138.898376,35.351749,0,0,1228,611.1
138.898331,35.351746,0,0,1229,611.4
138.898285,35.351738,0,0,1230,611.6
138.898254,35.35173,0,0,1231,611.7
138.898209,35.351723,0,0,1232,612
138.898163,35.351711,0,0,1233,612.2
138.898117,35.351704,0,0,1234,612.4
138.898071,35.351696,0,0,1235,612.7
138.898025,35.351685,0,0,1236,612.9
138.89798,35.351677,0,0,1237,613.1
138.897949,35.351669,0,0,1238,613.3
138.897903,35.351662,0,0,1239,613.5
138.897858,35.351654,0,0,1240,613.8
138.897812,35.351646,0,0,1241,614
138.897781,35.351639,0,0,1242,614.2
138.897751,35.351631,0,0,1243,614.4
138.897705,35.351624,0,0,1244,614.6
138.897674,35.351616,0,0,1245,614.8
138.897629,35.351604,0,0,1246,615
138.897583,35.351597,0,0,1247,615.3
138.897552,35.351589,0,0,1248,615.5
138.897507,35.351582,0,0,1249,615.7
138.897461,35.351574,0,0,1250,615.9
138.897415,35.351562,0,0,1251,616.2
138.897369,35.351555,0,0,1252,616.4
138.897324,35.351547,0,0,1253,616.7
138.897278,35.35154,0,0,1254,616.9
138.897232,35.351532,0,0,1255,617.2
138.897186,35.351524,0,0,1256,617.4
138.897156,35.351517,0,0,1257,617.6
138.89711,35.351509,0,0,1258,617.8
138.897064,35.351505,0,0,1259,618.1
138.897018,35.351498,0,0,1260,618.3
138.896988,35.351494,0,0,1261,618.5
138.896942,35.351486,0,0,1262,618.7
138.896896,35.351482,0,0,1263,619
138.896851,35.351479,0,0,1264,619.2
138.896805,35.351475,0,0,1265,619.4
138.896744,35.351467,0,0,1266,619.7
138.896698,35.351463,0,0,1267,620
138.896652,35.351459,0,0,1268,620.2
138.896606,35.351456,0,0,1269,620.4
138.896545,35.351452,0,0,1270,620.7
138.8965,35.351444,0,0,1271,621
138.896454,35.35144,0,0,1272,621.2
138.896408,35.351433,0,0,1273,621.4
138.896347,35.351425,0,0,1274,621.8
138.896301,35.351418,0,0,1275,622
138.89624,35.35141,0,0,1276,622.3
138.896194,35.351402,0,0,1277,622.6
138.896133,35.351391,0,0,1278,622.9
138.896088,35.351379,0,0,1279,623.2
138.896057,35.351372,0,0,1280,623.4
138.896011,35.35136,0,0,1281,623.7
138.895966,35.351349,0,0,1282,623.9
138.89592,35.351345,0,0,1283,624.2
138.895874,35.351337,0,0,1284,624.4
138.895843,35.35133,0,0,1285,624.6
138.895798,35.351322,0,0,1286,624.9
138.895767,35.351318,0,0,1287,625
138.895721,35.351318,0,0,1288,625.2
138.895691,35.351322,0,0,1289,625.4
138.895645,35.35133,0,0,1290,625.6
138.895615,35.351345,0,0,1291,626.3
138.895584,35.35136,0,0,1292,626.3
138.895554,35.351379,0,0,1293,626.3
138.895523,35.351402,0,0,1294,626.4
138.895493,35.351429,0,0,1295,626.5
138.895477,35.351456,0,0,1296,626.6
138.895462,35.35149,0,0,1297,626.8
138.895447,35.351521,0,0,1298,627
138.895416,35.351547,0,0,1299,627.3
138.895401,35.351574,0,0,1300,627.5
138.89537,35.351597,0,0,1301,627.8
138.89534,35.35162,0,0,1302,628.1
138.895309,35.351635,0,0,1303,628.4
138.895279,35.351654,0,0,1304,628.7
138.895248,35.351669,0,0,1305,629.1
138.895233,35.351685,0,0,1306,629.3
138.895203,35.351704,0,0,1307,629.7
138.895172,35.351719,0,0,1308,630.1
138.895142,35.351738,0,0,1309,630.5
138.895126,35.351753,0,0,1310,630.7
138.895096,35.351772,0,0,1311,631.1
138.895081,35.351788,0,0,1312,631.4
138.895065,35.351807,0,0,1313,631.7
138.895035,35.351822,0,0,1314,632.1
138.89502,35.351841,0,0,1315,632.4
138.895004,35.35186,0,0,1316,632.7
138.894989,35.351879,0,0,1317,633.1
138.894989,35.351898,0,0,1318,633.3
138.894989,35.351913,0,0,1319,633.6
138.894974,35.351932,0,0,1320,633.9
138.894974,35.351955,0,0,1321,634.3
138.894989,35.351974,0,0,1322,634.6
138.895004,35.351997,0,0,1323,635
138.895035,35.352016,0,0,1324,635.5
138.895065,35.352036,0,0,1325,636
138.895081,35.352055,0,0,1326,636.3
138.895126,35.352074,0,0,1327,636.9
138.895142,35.352085,0,0,1328,637.2
138.895187,35.3521,0,0,1329,637.8
138.895203,35.352116,0,0,1330,638
138.895233,35.352131,0,0,1331,638.5
138.895264,35.352142,0,0,1332,638.9
138.895279,35.352154,0,0,1333,639.1
138.895309,35.352165,0,0,1334,639.5
138.89534,35.352177,0,0,1335,639.9
138.89537,35.352188,0,0,1336,640.2
138.895386,35.352203,0,0,1337,640.5
138.895416,35.352219,0,0,1338,640.9
138.895447,35.35223,0,0,1339,641.3
138.895477,35.352241,0,0,1340,641.7
138.895508,35.352257,0,0,1341,642.1
138.895538,35.352272,0,0,1342,642.5
138.895554,35.352287,0,0,1343,642.8
138.895584,35.352303,0,0,1344,643.2
138.895615,35.352318,0,0,1345,643.6
138.895645,35.352333,0,0,1346,644
138.89566,35.352348,0,0,1347,644.3
138.895691,35.352367,0,0,1348,644.7
138.895706,35.352383,0,0,1349,645
138.895721,35.352405,0,0,1350,645.3
138.895737,35.352425,0,0,1351,645.7
138.895752,35.352444,0,0,1352,646
138.895767,35.352463,0,0,1353,646.3
138.895782,35.352482,0,0,1354,646.7
138.895798,35.352501,0,0,1355,647
138.895813,35.352524,0,0,1356,647.4
138.895828,35.352543,0,0,1357,647.7
138.895843,35.352566,0,0,1358,648
138.895859,35.352585,0,0,1359,648.4
138.895874,35.352612,0,0,1360,648.8
138.895889,35.352631,0,0,1361,649.1
138.895904,35.352653,0,0,1362,649.4
138.89592,35.352676,0,0,1363,649.8
138.89592,35.352699,0,0,1364,650.1
138.895935,35.352722,0,0,1365,650.4
138.895935,35.352753,0,0,1366,650.8
138.895935,35.352776,0,0,1367,651.1
138.89592,35.352802,0,0,1368,651.5
138.89592,35.352825,0,0,1369,651.8
138.89592,35.352852,0,0,1370,652.2
138.895904,35.352879,0,0,1371,652.6
138.895904,35.352905,0,0,1372,653
138.895889,35.352936,0,0,1373,653.4
138.895874,35.352962,0,0,1374,653.8
138.895874,35.352993,0,0,1375,654.3
138.895859,35.353016,0,0,1376,654.6
138.895859,35.353046,0,0,1377,655.1
138.895843,35.353073,0,0,1378,655.5
138.895828,35.353096,0,0,1379,655.9
138.895828,35.353119,0,0,1380,656.2
138.895798,35.353142,0,0,1381,656.7
138.895782,35.353161,0,0,1382,657
138.895767,35.35318,0,0,1383,657.3
138.895752,35.353195,0,0,1384,657.6
138.895721,35.353214,0,0,1385,658
138.895706,35.35323,0,0,1386,658.2
138.895676,35.353245,0,0,1387,658.6
138.89566,35.35326,0,0,1388,658.8
138.89563,35.353271,0,0,1389,659.2
138.895599,35.353283,0,0,1390,659.5
138.895569,35.353294,0,0,1391,659.9
138.895538,35.353302,0,0,1392,660.2
138.895508,35.353313,0,0,1393,660.5
138.895477,35.353321,0,0,1394,660.9
138.895462,35.353329,0,0,1395,661
138.895431,35.353336,0,0,1396,661.3
138.895401,35.35334,0,0,1397,661.6
138.89537,35.353352,0,0,1398,662
138.89534,35.353359,0,0,1399,662.3
138.895309,35.353367,0,0,1400,662.6
138.895279,35.353371,0,0,1401,662.9
138.895248,35.353374,0,0,1402,663.2
138.895203,35.353378,0,0,1403,663.7
138.895172,35.353382,0,0,1404,664
138.895142,35.353386,0,0,1405,664.3
138.895111,35.35339,0,0,1406,664.6
138.895065,35.353394,0,0,1407,665
138.895035,35.353397,0,0,1408,665.3
138.894989,35.353401,0,0,1409,665.7
138.894958,35.353405,0,0,1410,666
138.894928,35.353409,0,0,1411,666.3
138.894897,35.353413,0,0,1412,666.6
138.894852,35.353416,0,0,1413,667
138.894821,35.353416,0,0,1414,667.2
138.894791,35.35342,0,0,1415,667.5
138.89476,35.353424,0,0,1416,667.7
138.894714,35.353428,0,0,1417,668
138.894684,35.353432,0,0,1418,668.2
138.894653,35.353435,0,0,1419,668.4
138.894623,35.353439,0,0,1420,668.6
138.894592,35.353443,0,0,1421,668.7
138.894546,35.353447,0,0,1422,668.9
138.894516,35.353451,0,0,1423,669
138.89447,35.353455,0,0,1424,669.2
138.894424,35.353458,0,0,1425,669.3
138.894394,35.353462,0,0,1426,669.3
138.894348,35.35347,0,0,1427,669.4
138.894287,35.353474,0,0,1428,669.6
138.894257,35.353477,0,0,1429,669.6
138.894211,35.353481,0,0,1430,669.7
138.894165,35.353489,0,0,1431,669.8
138.894119,35.353493,0,0,1432,669.8
138.894073,35.353497,0,0,1433,669.9
138.894028,35.3535,0,0,1434,669.9
138.893997,35.353504,0,0,1435,669.9
138.893951,35.353508,0,0,1436,670
138.893906,35.353516,0,0,1437,670
138.893875,35.353519,0,0,1438,670.1
138.893829,35.353523,0,0,1439,670.1
138.893799,35.353527,0,0,1440,670.1
138.893753,35.353531,0,0,1441,670.2
138.893707,35.353535,0,0,1442,670.2
138.893646,35.353538,0,0,1443,670.3
138.8936,35.353546,0,0,1444,670.4
138.893539,35.35355,0,0,1445,670.5
138.893463,35.353558,0,0,1446,670.6
138.893417,35.353561,0,0,1447,670.7
138.893341,35.353569,0,0,1448,670.8
138.89328,35.353577,0,0,1449,670.8
138.893219,35.35358,0,0,1450,670.9
138.893158,35.353588,0,0,1451,671
138.893082,35.353596,0,0,1452,671
138.893021,35.353603,0,0,1453,671
138.892944,35.353615,0,0,1454,671.1
138.892883,35.353626,0,0,1455,671.2
138.892822,35.353638,0,0,1456,671.2
138.892761,35.353649,0,0,1457,671.3
138.8927,35.353661,0,0,1458,671.4
138.892639,35.353672,0,0,1459,671.4
138.892578,35.353687,0,0,1460,671.5
138.892517,35.353706,0,0,1461,671.6
138.892441,35.353722,0,0,1462,671.7
138.89238,35.353741,0,0,1463,671.8
138.892319,35.35376,0,0,1464,671.9
138.892258,35.35379,0,0,1465,672
138.892212,35.353817,0,0,1466,672.1
138.892151,35.353851,0,0,1467,672.3
138.892105,35.353886,0,0,1468,672.4
138.892059,35.353916,0,0,1469,672.5
138.892014,35.353943,0,0,1470,672.6
138.891953,35.353977,0,0,1471,672.7
138.891907,35.354004,0,0,1472,672.8
138.891846,35.354034,0,0,1473,672.9
138.8918,35.354069,0,0,1474,673.1
138.891739,35.354099,0,0,1475,673.2
138.891693,35.354126,0,0,1476,673.3
138.891632,35.354156,0,0,1477,673.5
138.891571,35.354191,0,0,1478,673.7
138.89151,35.354225,0,0,1479,673.9
138.891449,35.354259,0,0,1480,674.1
138.891388,35.354294,0,0,1481,674.3
138.891373,35.354336,0,0,1482,674.5
138.891434,35.354378,0,0,1483,674.3
138.89151,35.354416,0,0,1484,674.1
138.891586,35.354469,0,0,1485,673.9
138.891663,35.354515,0,0,1486,673.7
138.891754,35.35458,0,0,1487,673.5
138.89183,35.354645,0,0,1488,673.4
138.891891,35.354702,0,0,1489,673.3
138.891968,35.354763,0,0,1490,673.2
138.892044,35.354832,0,0,1491,673.2
138.892105,35.354893,0,0,1492,673.1
138.892181,35.354965,0,0,1493,673.1
138.892242,35.355026,0,0,1494,673
138.892303,35.355091,0,0,1495,673
138.89238,35.355167,0,0,1496,673
138.892441,35.355236,0,0,1497,673
138.892502,35.35532,0,0,1498,672.9
138.892563,35.355392,0,0,1499,672.8
138.892624,35.355484,0,0,1500,672.6
138.892685,35.355576,0,0,1501,672.4
138.892731,35.355659,0,0,1502,672.1
138.892792,35.35577,0,0,1503,671.6
138.892868,35.355892,0,0,1504,670.9
138.892929,35.355999,0,0,1505,670.3
138.893005,35.356136,0,0,1506,669.5
138.893082,35.356274,0,0,1507,668.7
138.893158,35.356411,0,0,1508,667.9
138.893219,35.356525,0,0,1509,667.3
138.89328,35.356636,0,0,1510,666.7
138.893356,35.35677,0,0,1511,666.1
138.893417,35.356876,0,0,1512,665.7
138.893494,35.357014,0,0,1513,665.2
138.89357,35.357132,0,0,1514,664.6
138.893646,35.357277,0,0,1515,663.8
138.893738,35.357429,0,0,1516,662.6
138.893829,35.357582,0,0,1517,661.4
138.893906,35.357716,0,0,1518,660.2
138.893982,35.357849,0,0,1519,658.9
138.894073,35.358009,0,0,1520,657.4
138.89415,35.35817,0,0,1521,656
138.894226,35.358303,0,0,1522,654.8
138.894333,35.358463,0,0,1523,653.5
138.89444,35.358631,0,0,1524,652.2
138.894531,35.358765,0,0,1525,651.1
138.894638,35.358894,0,0,1526,650
138.89476,35.359016,0,0,1527,649
138.894897,35.359131,0,0,1528,648.1
138.895004,35.359173,0,0,1529,647.4
138.895126,35.359192,0,0,1530,646.6
138.895248,35.359196,0,0,1531,645.6
138.895416,35.3592,0,0,1532,644.3
138.895599,35.359226,0,0,1533,642.9
138.895752,35.359268,0,0,1534,641.7
138.895904,35.359337,0,0,1535,640.5
138.896057,35.359447,0,0,1536,639
138.896179,35.359589,0,0,1537,637.8
138.896286,35.359741,0,0,1538,636.8
138.896393,35.35989,0,0,1539,636
138.896469,35.360016,0,0,1540,635.2
138.896576,35.360168,0,0,1541,633.9
138.896652,35.360294,0,0,1542,632.8
138.896759,35.360451,0,0,1543,631.4
138.896881,35.360607,0,0,1544,629.9
138.897018,35.360752,0,0,1545,628.6
138.897171,35.360874,0,0,1546,627.4
138.897354,35.360981,0,0,1547,626.2
138.897491,35.361073,0,0,1548,625.4
138.897659,35.361175,0,0,1549,624.7
138.897827,35.361278,0,0,1550,624.2
138.897964,35.361366,0,0,1551,623.8
138.898102,35.36145,0,0,1552,623.5
138.898239,35.36153,0,0,1553,623.1
138.898361,35.361614,0,0,1554,622.9
138.898514,35.361713,0,0,1555,622.6
138.898666,35.361813,0,0,1556,622.4
138.898773,35.361893,0,0,1557,622.2
138.89888,35.361973,0,0,1558,622.1
138.899002,35.362068,0,0,1559,622
138.899124,35.362164,0,0,1560,622
138.899216,35.362244,0,0,1561,622
138.899322,35.362335,0,0,1562,622.1
138.899399,35.362415,0,0,1563,622.1
138.89949,35.362507,0,0,1564,622.1
138.899567,35.362598,0,0,1565,622.1
138.899658,35.36269,0,0,1566,622.1
138.899719,35.362762,0,0,1567,622.2
138.899795,35.36285,0,0,1568,622.3
138.899872,35.362923,0,0,1569,622.3
138.899933,35.362995,0,0,1570,622.3
138.900009,35.363079,0,0,1571,622.3
138.900085,35.363159,0,0,1572,622.2
138.900177,35.363235,0,0,1573,622.2
138.900284,35.363304,0,0,1574,622.1
138.900391,35.363365,0,0,1575,621.9
138.900513,35.363422,0,0,1576,621.7
138.900619,35.363468,0,0,1577,621.4
138.900726,35.363514,0,0,1578,621.1
138.900833,35.36356,0,0,1579,620.7
138.90097,35.363613,0,0,1580,620.2
138.901123,35.363655,0,0,1581,619.5
138.901291,35.363697,0,0,1582,618.7
138.901443,35.363739,0,0,1583,618.1
138.901581,35.363773,0,0,1584,617.7
138.901718,35.363808,0,0,1585,617.3
138.901886,35.36385,0,0,1586,617
138.902008,35.363888,0,0,1587,616.8
138.902176,35.363937,0,0,1588,616.6
138.902313,35.363983,0,0,1589,616.4
138.902451,35.364017,0,0,1590,616.3
138.902603,35.364048,0,0,1591,616.1
138.902756,35.364075,0,0,1592,616
138.902878,35.364098,0,0,1593,615.9
138.903046,35.36412,0,0,1594,615.8
138.903198,35.364143,0,0,1595,615.7
138.90332,35.364159,0,0,1596,615.5
138.903473,35.364178,0,0,1597,615.5
138.903625,35.364193,0,0,1598,615.4
138.903778,35.364212,0,0,1599,615.2
138.9039,35.364223,0,0,1600,615.1
138.904053,35.364239,0,0,1601,615
138.904175,35.36425,0,0,1602,615
138.904312,35.364258,0,0,1603,615
138.904434,35.364265,0,0,1604,614.9
138.904541,35.364265,0,0,1605,614.9
138.904678,35.364265,0,0,1606,614.9
138.9048,35.364262,0,0,1607,614.9
138.904922,35.364258,0,0,1608,614.8
138.905045,35.364254,0,0,1609,614.7
138.905151,35.36425,0,0,1610,614.7
138.905289,35.364246,0,0,1611,614.6
138.905395,35.364242,0,0,1612,614.5
138.905533,35.364239,0,0,1613,614.3
138.90564,35.364235,0,0,1614,614.1
138.905762,35.364227,0,0,1615,613.9
138.905929,35.364223,0,0,1616,613.4
138.906067,35.36422,0,0,1617,612.9
138.906235,35.364216,0,0,1618,612.1
138.906372,35.364212,0,0,1619,611.4
138.906555,35.364208,0,0,1620,610
138.906708,35.364208,0,0,1621,608.9
138.906906,35.364216,0,0,1622,607.5
138.907104,35.364227,0,0,1623,606
138.907288,35.364242,0,0,1624,604.7
138.907455,35.364273,0,0,1625,603.6
138.907669,35.364311,0,0,1626,602.4
138.907852,35.36433,0,0,1627,601.6
138.908066,35.364349,0,0,1628,600.6
138.908249,35.364361,0,0,1629,599.9
138.908432,35.364365,0,0,1630,599.1
138.9086,35.364357,0,0,1631,598.3
138.908768,35.364345,0,0,1632,597.5
138.908935,35.364319,0,0,1633,596.5
138.909149,35.364277,0,0,1634,595.2
138.909332,35.364235,0,0,1635,594
138.9095,35.364193,0,0,1636,592.9
138.909729,35.36414,0,0,1637,591.2
138.909912,35.364098,0,0,1638,589.8
138.91011,35.364052,0,0,1639,588.2
138.910339,35.363998,0,0,1640,586.3
138.910568,35.363941,0,0,1641,584.3
138.910797,35.363884,0,0,1642,582.6
138.910995,35.363846,0,0,1643,581.4
138.911194,35.363815,0,0,1644,580.4
138.911346,35.363819,0,0,1645,579.8
138.911499,35.363842,0,0,1646,579.3
138.911667,35.363918,0,0,1647,578.7
138.911819,35.363998,0,0,1648,578.3
138.911987,35.364075,0,0,1649,578.3
138.91214,35.364147,0,0,1650,578.1
138.912262,35.364208,0,0,1651,577.9
138.912414,35.364277,0,0,1652,577.7
138.912552,35.364342,0,0,1653,577.4
138.912689,35.364414,0,0,1654,577.2
138.912826,35.364502,0,0,1655,577
138.912933,35.364613,0,0,1656,576.8
138.913025,35.364723,0,0,1657,576.6
138.913101,35.364819,0,0,1658,576.4
138.913162,35.364922,0,0,1659,576.2
138.913239,35.365044,0,0,1660,576
138.9133,35.365139,0,0,1661,575.9
138.913376,35.365238,0,0,1662,575.7
138.913467,35.365345,0,0,1663,575.6
138.913544,35.365429,0,0,1664,575.5
138.91365,35.365528,0,0,1665,575.3
138.913757,35.365593,0,0,1666,575.2
138.913879,35.365658,0,0,1667,575.1
138.914017,35.365723,0,0,1668,575
138.914139,35.365776,0,0,1669,574.9
138.914261,35.365807,0,0,1670,574.8
138.914413,35.365818,0,0,1671,574.6
138.914535,35.365814,0,0,1672,574.5
138.914658,35.365814,0,0,1673,574.4
138.91478,35.365814,0,0,1674,574.3
138.914917,35.365799,0,0,1675,574.1
138.915054,35.36578,0,0,1676,574
138.915176,35.365765,0,0,1677,574
138.915283,35.365749,0,0,1678,573.9
138.91542,35.36573,0,0,1679,573.9
138.915527,35.365719,0,0,1680,574
138.915649,35.365704,0,0,1681,574.2
138.915756,35.365692,0,0,1682,574.3
138.915848,35.365681,0,0,1683,574.5
138.91597,35.365665,0,0,1684,574.7
138.916077,35.36565,0,0,1685,574.8
138.916183,35.365639,0,0,1686,574.9
138.916306,35.365623,0,0,1687,574.9
138.916397,35.365608,0,0,1688,575
138.916504,35.365593,0,0,1689,575
138.916611,35.365578,0,0,1690,575.1
138.916718,35.365562,0,0,1691,575.2
138.916809,35.365547,0,0,1692,575.3
138.916916,35.365532,0,0,1693,575.5
138.917023,35.365513,0,0,1694,575.6
138.917114,35.365498,0,0,1695,575.7
138.917221,35.365475,0,0,1696,575.8
138.917297,35.365456,0,0,1697,575.7
138.917389,35.365433,0,0,1698,575.7
138.917496,35.365402,0,0,1699,575.6
138.917602,35.365372,0,0,1700,575.5
138.917709,35.365334,0,0,1701,575.4
138.917831,35.365295,0,0,1702,575.2
138.917923,35.365265,0,0,1703,575.2
138.918045,35.365223,0,0,1704,575
138.918167,35.365181,0,0,1705,574.7
138.918289,35.365139,0,0,1706,574.5
138.918411,35.365097,0,0,1707,574.2
138.918549,35.365055,0,0,1708,573.9
138.918671,35.365013,0,0,1709,573.5
138.918808,35.364967,0,0,1710,573.2
138.918915,35.364929,0,0,1711,572.9
138.919037,35.364891,0,0,1712,572.5
138.919189,35.364841,0,0,1713,572.1
138.919327,35.364792,0,0,1714,571.6
138.919464,35.36475,0,0,1715,571.2
138.919617,35.364696,0,0,1716,570.7
138.919769,35.364643,0,0,1717,570.1
138.919907,35.364597,0,0,1718,569.6
138.920074,35.364544,0,0,1719,568.9
138.920212,35.364494,0,0,1720,568.2
138.92038,35.364437,0,0,1721,567.3
138.920517,35.364391,0,0,1722,566.7
138.9207,35.36433,0,0,1723,565.8
138.920883,35.364273,0,0,1724,565
138.921051,35.364212,0,0,1725,564.2
138.921234,35.364151,0,0,1726,563.4
138.921417,35.36409,0,0,1727,562.6
138.92157,35.36404,0,0,1728,562
138.921753,35.363979,0,0,1729,561.4
138.921936,35.363922,0,0,1730,560.8
138.922104,35.363861,0,0,1731,560.2
138.922256,35.363811,0,0,1732,559.7
138.922439,35.36375,0,0,1733,559
138.922592,35.363701,0,0,1734,558.5
138.922775,35.36364,0,0,1735,557.8
138.922958,35.363579,0,0,1736,557.1
138.923111,35.363525,0,0,1737,556.4
138.923294,35.363464,0,0,1738,555.6
138.923477,35.363403,0,0,1739,554.6
138.92363,35.36335,0,0,1740,553.6
138.923813,35.363289,0,0,1741,552.4
138.923981,35.363232,0,0,1742,551.1
138.924164,35.363174,0,0,1743,549.6
138.924377,35.363102,0,0,1744,548
138.924591,35.363029,0,0,1745,546.3
138.924774,35.362965,0,0,1746,544.8
138.924957,35.362907,0,0,1747,543.5
138.925171,35.362835,0,0,1748,542.1
138.925339,35.362778,0,0,1749,541
138.925552,35.362705,0,0,1750,539.7
138.92572,35.362648,0,0,1751,538.7
138.925888,35.362591,0,0,1752,537.8
138.926056,35.362533,0,0,1753,536.8
138.926254,35.362465,0,0,1754,535.7
138.926422,35.362411,0,0,1755,534.7
138.92659,35.362358,0,0,1756,533.7
138.926788,35.362297,0,0,1757,532.6
138.927002,35.362244,0,0,1758,531.5
138.9272,35.362202,0,0,1759,530.4
138.927429,35.362167,0,0,1760,529.1
138.927643,35.362137,0,0,1761,528
138.927826,35.362114,0,0,1762,527.1
138.928055,35.36208,0,0,1763,525.8
138.928238,35.362045,0,0,1764,524.5
138.928452,35.362007,0,0,1765,523
138.92868,35.361973,0,0,1766,521.5
138.928894,35.361942,0,0,1767,520.2
138.929123,35.361912,0,0,1768,519.2
138.929337,35.361885,0,0,1769,518.4
138.929565,35.361862,0,0,1770,517.8
138.929749,35.361843,0,0,1771,517.4
138.929962,35.361824,0,0,1772,517.1
138.930145,35.361813,0,0,1773,516.8
138.930344,35.361801,0,0,1774,516.3
138.930557,35.36179,0,0,1775,515.4
138.930786,35.361778,0,0,1776,513.8
138.930969,35.361771,0,0,1777,512.2
138.931198,35.361767,0,0,1778,510.2
138.931381,35.361767,0,0,1779,508.5
138.931625,35.361782,0,0,1780,506.4
138.931808,35.361839,0,0,1781,504.6
138.931961,35.361957,0,0,1782,502.7
138.932037,35.362141,0,0,1783,500.8
138.932098,35.362331,0,0,1784,499
138.932144,35.362488,0,0,1785,498.1
138.93219,35.362675,0,0,1786,497.2
138.932236,35.362823,0,0,1787,496.8
138.932297,35.362991,0,0,1788,496.4
138.932373,35.363121,0,0,1789,496.3
138.932449,35.363243,0,0,1790,496.1
138.932541,35.36338,0,0,1791,496
138.932632,35.36351,0,0,1792,496
138.932709,35.363609,0,0,1793,496.1
138.932785,35.363697,0,0,1794,496.3
138.932892,35.363792,0,0,1795,496.5
138.932983,35.363884,0,0,1796,497
138.93306,35.363964,0,0,1797,497.4
138.933121,35.364021,0,0,1798,497.8
138.933182,35.36409,0,0,1799,498.3
138.933228,35.364147,0,0,1800,498.7
138.933289,35.364197,0,0,1801,499.1
138.933334,35.364242,0,0,1802,499.5
138.93338,35.364288,0,0,1803,499.8
138.933426,35.364326,0,0,1804,500.2
138.933472,35.364361,0,0,1805,500.5
138.933517,35.364399,0,0,1806,500.7
138.933548,35.364433,0,0,1807,500.9
138.933594,35.364468,0,0,1808,501.2
138.933639,35.364498,0,0,1809,501.4
138.933685,35.364536,0,0,1810,501.6
138.933746,35.364571,0,0,1811,501.8
138.933792,35.364605,0,0,1812,501.9
138.933853,35.364647,0,0,1813,502.1
138.933914,35.364681,0,0,1814,502.2
138.933975,35.364723,0,0,1815,502.3
138.934036,35.364757,0,0,1816,502.4
138.934082,35.364792,0,0,1817,502.5
138.934158,35.364834,0,0,1818,502.5
138.934219,35.364876,0,0,1819,502.6
138.934296,35.364918,0,0,1820,502.7
138.934357,35.364956,0,0,1821,502.7
138.934433,35.364998,0,0,1822,502.9
138.934509,35.36504,0,0,1823,502.9
138.934586,35.365089,0,0,1824,502.9
138.934662,35.365128,0,0,1825,503
138.934738,35.365177,0,0,1826,503
138.934814,35.365223,0,0,1827,503
138.934891,35.365265,0,0,1828,503
138.934982,35.365314,0,0,1829,502.9
138.935074,35.365368,0,0,1830,502.8
138.93515,35.365414,0,0,1831,502.7
138.935226,35.365459,0,0,1832,502.6
138.935318,35.365505,0,0,1833,502.4
138.935409,35.365566,0,0,1834,502.2
138.935532,35.365635,0,0,1835,501.7
138.935654,35.365707,0,0,1836,501.2
138.935776,35.365787,0,0,1837,500.4
138.935883,35.365856,0,0,1838,499.7
138.936035,35.36594,0,0,1839,498.7
138.936172,35.366028,0,0,1840,497.7
138.936325,35.366119,0,0,1841,496.8
138.936462,35.366207,0,0,1842,496.1
138.936615,35.366291,0,0,1843,495.5
138.936722,35.366364,0,0,1844,495.1
138.936829,35.366436,0,0,1845,494.8
138.936935,35.366524,0,0,1846,494.6
138.936905,35.366604,0,0,1847,494.8
138.936829,35.366676,0,0,1848,495
138.936798,35.366764,0,0,1849,495.2
138.936798,35.366833,0,0,1850,495.3
138.936829,35.366894,0,0,1851,495.4
138.936874,35.36694,0,0,1852,495.5
138.936905,35.366974,0,0,1853,495.6
138.936935,35.367008,0,0,1854,495.7
138.936966,35.367039,0,0,1855,495.8
138.936996,35.367073,0,0,1856,495.9
138.937027,35.367104,0,0,1857,496
138.937057,35.36713,0,0,1858,496
138.937088,35.367157,0,0,1859,496.1
138.937118,35.367191,0,0,1860,496.3
138.937134,35.367218,0,0,1861,496.3
138.937164,35.367252,0,0,1862,496.5
138.937195,35.367279,0,0,1863,496.6
138.937225,35.36731,0,0,1864,496.7
138.937256,35.36734,0,0,1865,496.8
138.937286,35.367367,0,0,1866,497
138.937317,35.367393,0,0,1867,497.1
138.937347,35.367428,0,0,1868,497.3
138.937363,35.367455,0,0,1869,497.4
138.937393,35.367481,0,0,1870,497.6
138.937424,35.367512,0,0,1871,497.7
138.937454,35.367542,0,0,1872,497.9
138.937485,35.367573,0,0,1873,498
138.9375,35.367596,0,0,1874,498.2
138.93753,35.367622,0,0,1875,498.3
138.937546,35.367645,0,0,1876,498.5
138.937576,35.367668,0,0,1877,498.6
138.937592,35.367691,0,0,1878,498.7
138.937622,35.367714,0,0,1879,498.9
138.937637,35.367733,0,0,1880,499
138.937668,35.36776,0,0,1881,499.2
138.937683,35.367786,0,0,1882,499.4
138.937714,35.367809,0,0,1883,499.5
138.937729,35.367832,0,0,1884,499.7
138.937759,35.367855,0,0,1885,499.8
138.937775,35.367878,0,0,1886,500
138.93779,35.367905,0,0,1887,500.1
138.93782,35.367928,0,0,1888,500.3
138.937836,35.36795,0,0,1889,500.5
138.937866,35.367985,0,0,1890,500.7
138.937912,35.368015,0,0,1891,501
138.937927,35.368042,0,0,1892,501.1
138.937958,35.368069,0,0,1893,501.4
138.937973,35.368095,0,0,1894,501.5
138.938004,35.368126,0,0,1895,501.8
138.938034,35.368156,0,0,1896,502
138.938049,35.368187,0,0,1897,502.2
138.93808,35.368214,0,0,1898,502.5
138.93811,35.368244,0,0,1899,502.7
138.938141,35.368275,0,0,1900,503.1
138.938156,35.368301,0,0,1901,503.6
138.938171,35.368332,0,0,1902,504.1
138.938202,35.368362,0,0,1903,504.8
138.938217,35.368397,0,0,1904,505.5
138.938232,35.368423,0,0,1905,505.9
138.938248,35.368446,0,0,1906,506.4
138.938263,35.368473,0,0,1907,507
138.938278,35.368496,0,0,1908,507.4
138.938293,35.368523,0,0,1909,508
138.938309,35.368553,0,0,1910,508.6
138.938324,35.368584,0,0,1911,509.3
138.938324,35.36861,0,0,1912,509.9
138.938339,35.368641,0,0,1913,510.6
138.938354,35.368671,0,0,1914,511.3
138.938354,35.368698,0,0,1915,511.9
138.93837,35.368732,0,0,1916,512.7
138.93837,35.368767,0,0,1917,513.5
138.93837,35.368793,0,0,1918,514
138.938385,35.368824,0,0,1919,514.8
138.938385,35.368858,0,0,1920,515.6
138.938385,35.368893,0,0,1921,516.5
138.938385,35.368927,0,0,1922,517.2
138.9384,35.368957,0,0,1923,517.6
138.9384,35.368992,0,0,1924,518
138.9384,35.369026,0,0,1925,518.3
138.938385,35.369057,0,0,1926,518.7
138.938385,35.369087,0,0,1927,519
138.938385,35.369118,0,0,1928,519.3
138.938385,35.369144,0,0,1929,519.5
138.93837,35.369183,0,0,1930,519.9
138.93837,35.369209,0,0,1931,520.2
138.93837,35.36924,0,0,1932,520.5
138.938354,35.36927,0,0,1933,520.8
138.938339,35.369305,0,0,1934,521.2
138.938339,35.369339,0,0,1935,521.5
138.938324,35.369373,0,0,1936,521.9
138.938309,35.369408,0,0,1937,522.3
138.938293,35.369438,0,0,1938,522.7
138.938278,35.369465,0,0,1939,523
138.938263,35.369499,0,0,1940,523.3
138.938248,35.369526,0,0,1941,523.6
138.938232,35.369553,0,0,1942,523.9
138.938217,35.369587,0,0,1943,524.2
138.938187,35.369617,0,0,1944,524.6
138.938171,35.369644,0,0,1945,524.9
138.938141,35.369675,0,0,1946,525.3
138.938126,35.369701,0,0,1947,525.6
138.93811,35.369728,0,0,1948,525.8
138.93808,35.369751,0,0,1949,526.2
138.938065,35.369778,0,0,1950,526.4
138.938034,35.369801,0,0,1951,526.8
138.938019,35.369823,0,0,1952,527
138.937988,35.36985,0,0,1953,527.4
138.937958,35.369877,0,0,1954,527.8
138.937927,35.3699,0,0,1955,528.1
138.937897,35.369926,0,0,1956,528.6
138.937866,35.369949,0,0,1957,529
138.93782,35.369972,0,0,1958,529.5
138.937805,35.369991,0,0,1959,529.8
138.937775,35.37001,0,0,1960,530.2
138.937729,35.370029,0,0,1961,530.8
138.937698,35.370048,0,0,1962,531.3
138.937668,35.370068,0,0,1963,531.7
138.937637,35.370083,0,0,1964,532.1
138.937607,35.370102,0,0,1965,532.6
138.937561,35.370117,0,0,1966,532.8
138.93753,35.370132,0,0,1967,532.6
138.937485,35.370148,0,0,1968,532.2
138.937439,35.370163,0,0,1969,531.8
138.937408,35.370178,0,0,1970,531.5
138.937363,35.370193,0,0,1971,531.2
138.937332,35.370205,0,0,1972,530.9
138.937302,35.370216,0,0,1973,530.6
138.937256,35.370224,0,0,1974,530.3
138.937225,35.370235,0,0,1975,530.1
138.937179,35.370243,0,0,1976,529.7
138.937149,35.370254,0,0,1977,529.5
138.937103,35.370262,0,0,1978,529.1
138.937073,35.370266,0,0,1979,528.9
138.937042,35.370274,0,0,1980,528.7
138.936996,35.370277,0,0,1981,528.3
138.936951,35.370281,0,0,1982,527.9
138.93692,35.370281,0,0,1983,527.7
138.936874,35.370281,0,0,1984,527.3
138.936844,35.370281,0,0,1985,527.1
138.936798,35.370281,0,0,1986,526.7
138.936752,35.370281,0,0,1987,526.4
138.936707,35.370281,0,0,1988,526.1
138.936676,35.370281,0,0,1989,525.9
138.93663,35.370281,0,0,1990,525.5
138.936584,35.370281,0,0,1991,525.2
138.936539,35.370277,0,0,1992,524.9
138.936493,35.370277,0,0,1993,524.6
138.936462,35.370277,0,0,1994,524.4
138.936417,35.370277,0,0,1995,524.1
138.936371,35.370277,0,0,1996,523.7
138.93634,35.370274,0,0,1997,523.5
138.936295,35.370274,0,0,1998,523.2
138.936264,35.370274,0,0,1999,522.9
138.936218,35.370274,0,0,2000,522.6
138.936172,35.37027,0,0,2001,522.2
138.936127,35.37027,0,0,2002,521.9
138.936081,35.37027,0,0,2003,521.5
138.93605,35.37027,0,0,2004,521.3
138.936005,35.370266,0,0,2005,521.1
138.935959,35.370266,0,0,2006,521.3
138.935913,35.370266,0,0,2007,521.5
138.935867,35.370262,0,0,2008,521.7
138.935821,35.370262,0,0,2009,521.9
138.935776,35.370262,0,0,2010,522
138.935745,35.370258,0,0,2011,522.1
138.935699,35.370258,0,0,2012,522.3
138.935654,35.370258,0,0,2013,522.4
138.935608,35.370258,0,0,2014,522.6
138.935562,35.370254,0,0,2015,522.7
138.935516,35.370254,0,0,2016,522.9
138.935486,35.370254,0,0,2017,523
138.93544,35.370251,0,0,2018,523.1
138.935394,35.370251,0,0,2019,523.3
138.935348,35.370251,0,0,2020,523.4
138.935318,35.370251,0,0,2021,523.5
138.935272,35.370247,0,0,2022,523.7
138.935226,35.370247,0,0,2023,523.8
138.935181,35.370247,0,0,2024,524
138.935135,35.370243,0,0,2025,526.4
138.935089,35.370243,0,0,2026,528.8
138.935043,35.370243,0,0,2027,531.3
138.935013,35.370243,0,0,2028,532.9
138.934967,35.370239,0,0,2029,535.3
138.934921,35.370239,0,0,2030,537.8
138.934891,35.370239,0,0,2031,538.1
138.934845,35.370235,0,0,2032,538.5
138.934814,35.370235,0,0,2033,538.8
138.934784,35.370235,0,0,2034,539.1
138.934738,35.370232,0,0,2035,539.6
138.934692,35.370232,0,0,2036,540
138.934662,35.370232,0,0,2037,540.3
138.934616,35.370228,0,0,2038,540.8
138.93457,35.370228,0,0,2039,541.3
138.934525,35.370228,0,0,2040,541.6
138.934479,35.370224,0,0,2041,541.9
138.934433,35.370224,0,0,2042,542.1
138.934387,35.370224,0,0,2043,542.4
138.934341,35.37022,0,0,2044,542.6
138.934311,35.37022,0,0,2045,542.7
138.934265,35.370216,0,0,2046,543
138.934219,35.370216,0,0,2047,543.2
138.934174,35.370216,0,0,2048,543.5
138.934128,35.370212,0,0,2049,543.7
138.934082,35.370212,0,0,2050,543.9
138.934036,35.370212,0,0,2051,544.2
138.934006,35.370212,0,0,2052,544.3
138.93396,35.370212,0,0,2053,544.6
138.933914,35.370216,0,0,2054,544.9
138.933884,35.370216,0,0,2055,545
138.933838,35.370216,0,0,2056,545.3
138.933792,35.370216,0,0,2057,545.6
138.933762,35.37022,0,0,2058,545.8
138.933731,35.37022,0,0,2059,546
138.933701,35.370224,0,0,2060,546.2
138.93367,35.370228,0,0,2061,546.4
138.933639,35.370232,0,0,2062,546.6
138.933609,35.370235,0,0,2063,546.8
138.933563,35.370243,0,0,2064,547.1
138.933533,35.370247,0,0,2065,547.3
138.933502,35.370254,0,0,2066,547.5
138.933472,35.370262,0,0,2067,547.8
138.933441,35.37027,0,0,2068,548
138.933395,35.370281,0,0,2069,548.3
138.93335,35.370296,0,0,2070,548.6
138.933304,35.370316,0,0,2071,549
138.933243,35.370338,0,0,2072,549.4
138.933197,35.370361,0,0,2073,549.8
138.933151,35.370384,0,0,2074,550.1
138.933105,35.370403,0,0,2075,550.4
138.93306,35.370434,0,0,2076,550.6
138.933014,35.370464,0,0,2077,550.8
138.932968,35.370491,0,0,2078,550.9
138.932922,35.370529,0,0,2079,551
138.932877,35.370563,0,0,2080,551.1
138.932831,35.370605,0,0,2081,551.1
138.9328,35.370647,0,0,2082,551.2
138.932754,35.370697,0,0,2083,551.3
138.932709,35.370747,0,0,2084,551.4
138.932663,35.370792,0,0,2085,551.5
138.932617,35.370838,0,0,2086,551.5
138.932587,35.370884,0,0,2087,551.6
138.932541,35.370934,0,0,2088,551.6
138.93251,35.370979,0,0,2089,551.7
138.932449,35.371037,0,0,2090,551.7
138.932403,35.371098,0,0,2091,551.8
138.932358,35.371155,0,0,2092,551.9
138.932312,35.371212,0,0,2093,552
138.932251,35.371273,0,0,2094,552.1
138.932205,35.371334,0,0,2095,552.1
138.932144,35.371395,0,0,2096,552
138.932083,35.37146,0,0,2097,552
138.932037,35.371517,0,0,2098,551.9
138.931976,35.371586,0,0,2099,551.8
138.93193,35.371654,0,0,2100,551.7
138.931885,35.371716,0,0,2101,551.6
138.931839,35.371799,0,0,2102,551.4
138.931808,35.371876,0,0,2103,551.2
138.931793,35.371956,0,0,2104,551.1
138.931808,35.372055,0,0,2105,550.9
138.931839,35.372135,0,0,2106,550.7
138.9319,35.372231,0,0,2107,550.4
138.931976,35.372314,0,0,2108,550.2
138.932053,35.372398,0,0,2109,550
138.932129,35.372467,0,0,2110,549.8
138.932205,35.372539,0,0,2111,549.6
138.932281,35.372627,0,0,2112,549.4
138.932358,35.372704,0,0,2113,549.2
138.932449,35.372791,0,0,2114,549
138.932541,35.372883,0,0,2115,548.8
138.932617,35.372978,0,0,2116,548.6
138.932693,35.373062,0,0,2117,548.4
138.932754,35.373146,0,0,2118,548.3
138.932816,35.373234,0,0,2119,548.1
138.932785,35.373318,0,0,2120,550.6
138.932709,35.373371,0,0,2121,552.9
138.932617,35.373432,0,0,2122,555.3
138.932556,35.373478,0,0,2123,556.2
138.93248,35.373531,0,0,2124,557.5
138.932419,35.373573,0,0,2125,558.5
138.932373,35.373611,0,0,2126,559.4
138.932327,35.373642,0,0,2127,560.3
138.932297,35.373669,0,0,2128,560.9
138.932266,35.373695,0,0,2129,561.6
138.93222,35.373726,0,0,2130,562.5
138.93219,35.373753,0,0,2131,563.1
138.932144,35.373779,0,0,2132,563.9
138.932114,35.373802,0,0,2133,564.5
138.932068,35.373829,0,0,2134,565.2
138.932022,35.373856,0,0,2135,565.9
138.931976,35.373859,0,0,2136,567
138.93193,35.373836,0,0,2137,567.1
138.9319,35.373814,0,0,2138,567.2
138.931854,35.373783,0,0,2139,567.2
138.931808,35.373753,0,0,2140,567.2
138.931763,35.373722,0,0,2141,567.2
138.931717,35.373695,0,0,2142,567.2
138.931671,35.373665,0,0,2143,567.3
138.931625,35.373634,0,0,2144,567.3
138.931595,35.373608,0,0,2145,567.3
138.931564,35.373581,0,0,2146,567.3
138.931519,35.37355,0,0,2147,567.4
138.931488,35.373527,0,0,2148,567.5
138.931442,35.373493,0,0,2149,567.6
138.931412,35.373466,0,0,2150,567.7
138.931381,35.37344,0,0,2151,567.9
138.931351,35.373409,0,0,2152,568
138.93132,35.373383,0,0,2153,568.2
138.93129,35.373348,0,0,2154,568.4
138.931259,35.373318,0,0,2155,568.5
138.931229,35.37328,0,0,2156,568.7
138.931183,35.373245,0,0,2157,568.9
138.931152,35.373207,0,0,2158,569.1
138.931122,35.373177,0,0,2159,569.3
138.931091,35.373138,0,0,2160,569.5
138.931061,35.373112,0,0,2161,569.6
138.93103,35.373077,0,0,2162,569.8
138.931,35.373051,0,0,2163,570
138.930984,35.37302,0,0,2164,570.2
138.930939,35.37299,0,0,2165,570.4
138.930908,35.372955,0,0,2166,570.6
138.930878,35.372925,0,0,2167,570.8
138.930847,35.372898,0,0,2168,571
138.930817,35.372864,0,0,2169,571.2
138.930786,35.372833,0,0,2170,571.4
138.930756,35.372799,0,0,2171,571.6
138.930725,35.372772,0,0,2172,571.7
138.930694,35.372746,0,0,2173,571.8
138.930664,35.372719,0,0,2174,571.9
138.930633,35.372684,0,0,2175,572
138.930603,35.372658,0,0,2176,572.5
138.930572,35.372631,0,0,2177,573
138.930527,35.3726,0,0,2178,573.8
138.930496,35.37257,0,0,2179,574.5
138.930466,35.372539,0,0,2180,575.1
138.930435,35.372509,0,0,2181,575.8
138.930389,35.372482,0,0,2182,576.5
138.930359,35.372456,0,0,2183,577.1
138.930328,35.372433,0,0,2184,577.7
138.930298,35.372402,0,0,2185,578.3
138.930267,35.372375,0,0,2186,578.9
138.930237,35.372353,0,0,2187,579.4
138.930206,35.372322,0,0,2188,580
138.93016,35.372295,0,0,2189,580.7
138.93013,35.372265,0,0,2190,581.2
138.930084,35.372234,0,0,2191,581.9
138.930054,35.372211,0,0,2192,582.2
138.930023,35.372189,0,0,2193,582.6
138.929977,35.372158,0,0,2194,583
138.929947,35.372131,0,0,2195,583.3
138.929916,35.372108,0,0,2196,583.6
138.929886,35.372082,0,0,2197,583.8
138.92984,35.372055,0,0,2198,584.1
138.92981,35.372032,0,0,2199,584.2
138.929779,35.372009,0,0,2200,584.4
138.929733,35.371983,0,0,2201,584.5
138.929703,35.371956,0,0,2202,584.7
138.929657,35.371929,0,0,2203,584.9
138.929611,35.371902,0,0,2204,585.2
138.929581,35.371883,0,0,2205,585.6
138.92955,35.37186,0,0,2206,585.6
138.92952,35.371838,0,0,2207,585.8
138.929474,35.371811,0,0,2208,586
138.929428,35.371788,0,0,2209,586.2
138.929398,35.371765,0,0,2210,586.5
138.929367,35.371742,0,0,2211,587
138.929321,35.371719,0,0,2212,587.4
138.929291,35.3717,0,0,2213,587.4
138.929245,35.371677,0,0,2214,587.5
138.929199,35.371651,0,0,2215,587.1
138.929153,35.371632,0,0,2216,586.8
138.929108,35.371609,0,0,2217,586.5
138.929062,35.371593,0,0,2218,586.2
138.929001,35.371586,0,0,2219,585.9
138.928955,35.371586,0,0,2220,585.4
138.928909,35.37159,0,0,2221,584.6
138.928848,35.371601,0,0,2222,583.6
138.928818,35.37162,0,0,2223,583.6
138.928772,35.371651,0,0,2224,582.7
138.928741,35.371681,0,0,2225,581.9
138.928696,35.371708,0,0,2226,581.4
138.928665,35.371735,0,0,2227,581.4
138.928635,35.371761,0,0,2228,581.7
138.928604,35.371784,0,0,2229,582
138.928558,35.371799,0,0,2230,582.4
138.928513,35.371803,0,0,2231,583.2
138.928467,35.371807,0,0,2232,583.4
138.928421,35.371803,0,0,2233,583.6
138.928375,35.371796,0,0,2234,583.7
138.928314,35.371792,0,0,2235,583.9
138.928268,35.371784,0,0,2236,584.3
138.928207,35.371773,0,0,2237,584.8
138.928162,35.371761,0,0,2238,584.5
138.928101,35.37175,0,0,2239,584.7
138.928055,35.371738,0,0,2240,585
138.927994,35.371727,0,0,2241,585.7
138.927948,35.371719,0,0,2242,586.3
138.927902,35.371716,0,0,2243,586.8
138.927841,35.371708,0,0,2244,587.3
138.927795,35.371704,0,0,2245,587.5
138.92775,35.3717,0,0,2246,587.7
138.927704,35.371704,0,0,2247,587.9
138.927658,35.371712,0,0,2248,588.1
138.927597,35.371731,0,0,2249,588.8
138.927551,35.371761,0,0,2250,589.1
138.927505,35.371792,0,0,2251,589.4
138.927475,35.371826,0,0,2252,589.7
138.927444,35.371872,0,0,2253,589.6
138.927414,35.371921,0,0,2254,589.8
138.927383,35.371986,0,0,2255,590.1
138.927368,35.372047,0,0,2256,589.9
138.927353,35.372108,0,0,2257,590.4
138.927353,35.372185,0,0,2258,590.8
138.927383,35.372265,0,0,2259,590.9
138.927414,35.372326,0,0,2260,591.6
138.92746,35.372398,0,0,2261,592.8
138.927521,35.372452,0,0,2262,593.2
138.927582,35.372501,0,0,2263,593.6
138.927673,35.372555,0,0,2264,593.1
138.92775,35.372612,0,0,2265,594.3
138.927826,35.372662,0,0,2266,595.1
138.927902,35.372707,0,0,2267,595.4
138.927979,35.372765,0,0,2268,595.9
138.92807,35.372826,0,0,2269,596.1
138.928162,35.372883,0,0,2270,595.8
138.928223,35.372929,0,0,2271,595.8
138.928299,35.372978,0,0,2272,595.2
138.928375,35.373028,0,0,2273,595.8
138.928467,35.373089,0,0,2274,594.7
138.928543,35.373138,0,0,2275,593.5
138.928635,35.373196,0,0,2276,591.9
138.928711,35.373245,0,0,2277,591.1
138.928787,35.373306,0,0,2278,590.2
138.928863,35.373356,0,0,2279,589
138.92894,35.373405,0,0,2280,588.6
138.929031,35.373466,0,0,2281,586.8
138.929108,35.373516,0,0,2282,587.1
138.929199,35.373573,0,0,2283,586.6
138.929291,35.373634,0,0,2284,586.4
138.929367,35.373684,0,0,2285,586.4
138.929443,35.373733,0,0,2286,586.1
138.929504,35.373783,0,0,2287,585.9
138.929581,35.373833,0,0,2288,586.1
138.929657,35.373882,0,0,2289,585.8
138.929749,35.373943,0,0,2290,585.3
138.92984,35.374004,0,0,2291,584.8
138.929916,35.374054,0,0,2292,584
138.929993,35.374107,0,0,2293,583.1
138.930069,35.374157,0,0,2294,582
138.93016,35.374222,0,0,2295,581.1
138.930252,35.374271,0,0,2296,580.4
138.930328,35.374325,0,0,2297,579.3
138.93042,35.37439,0,0,2298,579
138.930511,35.374454,0,0,2299,578.9
138.930618,35.374523,0,0,2300,578.7
138.930694,35.374577,0,0,2301,579.8
138.930801,35.374645,0,0,2302,580.9
138.930908,35.374714,0,0,2303,582.4
138.930984,35.374771,0,0,2304,582.6
138.931076,35.374828,0,0,2305,582.5
138.931183,35.374901,0,0,2306,582.4
138.93129,35.374973,0,0,2307,582.9
138.931396,35.375042,0,0,2308,583.6
138.931503,35.375114,0,0,2309,584.4
138.93161,35.375187,0,0,2310,583.3
138.931702,35.375244,0,0,2311,582.6
138.931808,35.375317,0,0,2312,581.8
138.931915,35.375389,0,0,2313,580.3
138.932022,35.375462,0,0,2314,580.3
138.932129,35.375534,0,0,2315,580.8
138.932251,35.37561,0,0,2316,581.8
138.932358,35.375683,0,0,2317,582.8
138.932449,35.375744,0,0,2318,583.9
138.932556,35.37582,0,0,2319,585.3
138.932663,35.375881,0,0,2320,586.1
138.93277,35.375957,0,0,2321,587.1
138.932861,35.376018,0,0,2322,587.5
138.932953,35.376079,0,0,2323,587
138.933075,35.376148,0,0,2324,586.2
138.933182,35.376198,0,0,2325,585.4
138.933289,35.37624,0,0,2326,583.5
138.933426,35.376278,0,0,2327,582.3
138.933548,35.376286,0,0,2328,581.8
138.933655,35.376247,0,0,2329,579.8
138.933746,35.376175,0,0,2330,577.7
138.933807,35.376079,0,0,2331,576.6
138.933823,35.375969,0,0,2332,576.9
138.933807,35.375835,0,0,2333,576.9
138.933792,35.375725,0,0,2334,577
138.933762,35.375587,0,0,2335,576.1
138.933731,35.375454,0,0,2336,573.8
138.933701,35.375336,0,0,2337,571.9
138.93367,35.375198,0,0,2338,568.7
138.933609,35.375092,0,0,2339,567.6
138.933533,35.374962,0,0,2340,566.8
138.933456,35.37484,0,0,2341,565.8
138.93338,35.374737,0,0,2342,567.3
138.933289,35.374619,0,0,2343,568
138.933197,35.374504,0,0,2344,567.8
138.933105,35.374412,0,0,2345,567.9
138.932999,35.374302,0,0,2346,567.4
138.932922,35.37421,0,0,2347,567
138.932816,35.374104,0,0,2348,566.3
138.932724,35.374012,0,0,2349,565.7
138.932617,35.373901,0,0,2350,565.2
138.932541,35.373814,0,0,2351,564.7
138.932449,35.373722,0,0,2352,563.7
138.932342,35.373615,0,0,2353,563.9
138.932236,35.373505,0,0,2354,564.4
138.932159,35.373417,0,0,2355,564.8
138.932053,35.37331,0,0,2356,564.5
138.931946,35.373199,0,0,2357,564.9
138.931854,35.373112,0,0,2358,564.9
138.931763,35.373005,0,0,2359,565.9
138.931656,35.372898,0,0,2360,566.7
138.93158,35.372814,0,0,2361,567.2
138.931503,35.372734,0,0,2362,567.7
138.931412,35.372639,0,0,2363,567.3
138.93132,35.372543,0,0,2364,567.4
138.931244,35.372444,0,0,2365,567.1
138.931168,35.372345,0,0,2366,566.8
138.931107,35.372242,0,0,2367,566.8
138.931046,35.372135,0,0,2368,566.6
138.93103,35.372044,0,0,2369,565.8
138.931046,35.371933,0,0,2370,564.6
138.931091,35.37183,0,0,2371,562.8
138.931152,35.37175,0,0,2372,561.6
138.931213,35.371654,0,0,2373,560.8
138.93129,35.371559,0,0,2374,560.2
138.931351,35.371468,0,0,2375,559.7
138.931412,35.371387,0,0,2376,559.6
138.931473,35.371311,0,0,2377,558.9
138.931534,35.371216,0,0,2378,558.6
138.93158,35.37112,0,0,2379,559.2
138.93161,35.371037,0,0,2380,559
138.931656,35.370953,0,0,2381,558.5
138.931686,35.37085,0,0,2382,559.8
138.931702,35.370766,0,0,2383,560.2
138.931717,35.370678,0,0,2384,561.7
138.931732,35.37059,0,0,2385,562.5
138.931732,35.370502,0,0,2386,562.9
138.931732,35.370396,0,0,2387,562.1
138.931732,35.370308,0,0,2388,560.8
138.931717,35.370205,0,0,2389,558.7
138.931702,35.370117,0,0,2390,557.4
138.931686,35.370033,0,0,2391,556.7
138.931641,35.36993,0,0,2392,555.4
138.93161,35.369846,0,0,2393,554.9
138.931564,35.369751,0,0,2394,553.6
138.931519,35.369671,0,0,2395,552.7
138.931458,35.369579,0,0,2396,551.9
138.931381,35.369495,0,0,2397,550.9
138.93129,35.369415,0,0,2398,550.6
138.931213,35.36935,0,0,2399,550.1
138.931137,35.369289,0,0,2400,549.7
138.931046,35.369236,0,0,2401,549.4
138.930939,35.369179,0,0,2402,549.6
138.930817,35.369133,0,0,2403,550.6
138.930694,35.369095,0,0,2404,550
138.930603,35.369072,0,0,2405,550
138.930466,35.369057,0,0,2406,551.5
138.930374,35.369049,0,0,2407,552.4
138.930237,35.369053,0,0,2408,553.4
138.930115,35.369064,0,0,2409,553.7
138.930008,35.36908,0,0,2410,554.9
138.929916,35.369102,0,0,2411,555.4
138.929794,35.369141,0,0,2412,557.3
138.929703,35.369179,0,0,2413,557.7
138.929626,35.369225,0,0,2414,557.5
138.92952,35.369286,0,0,2415,557.8
138.929428,35.369354,0,0,2416,558.4
138.929367,35.369415,0,0,2417,557.9
138.929291,35.36948,0,0,2418,558.7
138.92923,35.36956,0,0,2419,559.7
138.929169,35.369629,0,0,2420,560.8
138.929108,35.369713,0,0,2421,561.4
138.929047,35.369781,0,0,2422,561.9
138.929001,35.36985,0,0,2423,562
138.92894,35.369915,0,0,2424,562.1
138.928879,35.369995,0,0,2425,563.2
138.928818,35.370064,0,0,2426,563.7
138.928772,35.370129,0,0,2427,563.7
138.928696,35.370201,0,0,2428,563
138.928619,35.370262,0,0,2429,562.6
138.928543,35.370327,0,0,2430,561.7
138.928452,35.370384,0,0,2431,561.2
138.92836,35.37043,0,0,2432,560.9
138.928268,35.370468,0,0,2433,560.3
138.928177,35.370495,0,0,2434,559.2
138.928085,35.370487,0,0,2435,558.5
138.927994,35.370457,0,0,2436,558.5
138.927902,35.370399,0,0,2437,558.4
138.927826,35.370331,0,0,2438,559.1
138.927765,35.370266,0,0,2439,560.1
138.927704,35.370182,0,0,2440,561.6
138.927658,35.370109,0,0,2441,562.6
138.927628,35.370033,0,0,2442,563.5
138.927612,35.369957,0,0,2443,564
138.927597,35.369877,0,0,2444,564.1
138.927597,35.369778,0,0,2445,564
138.927597,35.369698,0,0,2446,564
138.927612,35.369617,0,0,2447,564.2
138.927612,35.369522,0,0,2448,564.8
138.927612,35.369442,0,0,2449,565.2
138.927628,35.369362,0,0,2450,564.8
138.927628,35.369282,0,0,2451,564
138.927628,35.369186,0,0,2452,563.5
138.927643,35.369106,0,0,2453,563.6
138.927643,35.369026,0,0,2454,563.6
138.927643,35.368946,0,0,2455,563.3
138.927643,35.368866,0,0,2456,562.7
138.927658,35.368771,0,0,2457,561.9
138.927658,35.368675,0,0,2458,561.3
138.927673,35.36858,0,0,2459,561.3
138.927673,35.3685,0,0,2460,561.4
138.927673,35.368404,0,0,2461,561.6
138.927689,35.368309,0,0,2462,562
138.927689,35.368214,0,0,2463,562.9
138.927689,35.368134,0,0,2464,563.4
138.927673,35.368057,0,0,2465,563.5
138.927658,35.367966,0,0,2466,563.3
138.927643,35.367889,0,0,2467,563.5
138.927628,35.367813,0,0,2468,563.7
138.927612,35.367737,0,0,2469,564
138.927582,35.367664,0,0,2470,563.5
138.927551,35.367588,0,0,2471,563.2
138.927505,35.367504,0,0,2472,563.2
138.927475,35.367432,0,0,2473,562.7
138.927429,35.367363,0,0,2474,561.8
138.927383,35.367294,0,0,2475,561.1
138.927322,35.367214,0,0,2476,561
138.927261,35.367138,0,0,2477,561.2
138.9272,35.367058,0,0,2478,560.1
138.927154,35.366993,0,0,2479,559.2
138.927093,35.366917,0,0,2480,559.8
138.927032,35.366852,0,0,2481,559.5
138.926987,35.366787,0,0,2482,558.6
138.926926,35.366711,0,0,2483,557.8
138.926865,35.366634,0,0,2484,558.5
138.926804,35.366554,0,0,2485,558.4
138.926743,35.366489,0,0,2486,558.7
138.926697,35.366425,0,0,2487,557.3
138.926636,35.366352,0,0,2488,555.4
138.926575,35.36628,0,0,2489,554.5
138.926514,35.366219,0,0,2490,552.8
138.926453,35.366154,0,0,2491,551.5
138.926376,35.366089,0,0,2492,550.3
138.926315,35.366039,0,0,2493,550.8
138.926254,35.36599,0,0,2494,550.2
138.926193,35.36594,0,0,2495,550.2
138.926132,35.365883,0,0,2496,549
138.926071,35.365841,0,0,2497,548.6
138.925995,35.365795,0,0,2498,548.2
138.925934,35.365753,0,0,2499,547.7
138.925857,35.365707,0,0,2500,545.7
138.925796,35.365665,0,0,2501,545.4
138.925735,35.365631,0,0,2502,544.4
138.925659,35.365593,0,0,2503,543.7
138.925583,35.365547,0,0,2504,543.2
138.925507,35.365501,0,0,2505,542.9
138.92543,35.365459,0,0,2506,542
138.925354,35.365421,0,0,2507,541.4
138.925293,35.365387,0,0,2508,541.4
138.925217,35.365341,0,0,2509,541.5
138.92514,35.365303,0,0,2510,541.9
138.925064,35.365261,0,0,2511,542.4
138.924988,35.365215,0,0,2512,542.9
138.924896,35.36517,0,0,2513,543.9
138.924835,35.365131,0,0,2514,544.6
138.924759,35.365082,0,0,2515,545.1
138.924683,35.365032,0,0,2516,545.7
138.924622,35.36499,0,0,2517,546.2
138.924545,35.364948,0,0,2518,546.9
138.924484,35.36491,0,0,2519,547.4
138.924408,35.364876,0,0,2520,548.4
138.924332,35.364834,0,0,2521,549.7
138.92424,35.364792,0,0,2522,550
138.924164,35.364769,0,0,2523,549.9
138.924072,35.364754,0,0,2524,550.2
138.923981,35.36475,0,0,2525,550.2
138.923904,35.364761,0,0,2526,550.2
138.923798,35.36478,0,0,2527,550
138.923721,35.364811,0,0,2528,549.9
138.923645,35.364841,0,0,2529,550.2
138.923569,35.364876,0,0,2530,551
138.923492,35.364906,0,0,2531,551.9
138.923416,35.364937,0,0,2532,552.2
138.92334,35.364971,0,0,2533,553.3
138.923264,35.365002,0,0,2534,554.4
138.923187,35.36504,0,0,2535,555.2
138.923111,35.365074,0,0,2536,555.8
138.923035,35.365108,0,0,2537,556.8
138.922974,35.365143,0,0,2538,557.6
138.922882,35.365185,0,0,2539,558
138.922806,35.365227,0,0,2540,558.1
138.922729,35.365269,0,0,2541,558
138.922668,35.365307,0,0,2542,558.5
138.922592,35.365353,0,0,2543,559.1
138.922516,35.365395,0,0,2544,560.3
138.922455,35.365433,0,0,2545,561.1
138.922378,35.365478,0,0,2546,561.6
138.922302,35.365528,0,0,2547,563.2
138.922256,35.36557,0,0,2548,564.5
138.922195,35.365616,0,0,2549,567.6
138.922134,35.365673,0,0,2550,569.3
138.922089,35.365723,0,0,2551,571.3
138.922028,35.365784,0,0,2552,572.4
138.921997,35.365837,0,0,2553,572.5
138.921951,35.365894,0,0,2554,572.6
138.921921,35.365951,0,0,2555,572.7
138.92189,35.366009,0,0,2556,572.9
138.92186,35.36607,0,0,2557,573.3
138.92186,35.366131,0,0,2558,573.2
138.92186,35.366196,0,0,2559,573.2
138.921875,35.366257,0,0,2560,572.9
138.921936,35.366322,0,0,2561,572.3
138.921997,35.366375,0,0,2562,571.2
138.922073,35.366421,0,0,2563,570.8
138.922134,35.366463,0,0,2564,570.5
138.922195,35.366497,0,0,2565,570.5
138.922272,35.366543,0,0,2566,569.5
138.922348,35.366585,0,0,2567,568
138.922424,35.366623,0,0,2568,567
138.922485,35.366661,0,0,2569,566.9
138.922562,35.366707,0,0,2570,566.1
138.922607,35.366753,0,0,2571,565.8
138.922668,35.36681,0,0,2572,566.2
138.922714,35.366859,0,0,2573,565.9
138.92276,35.366913,0,0,2574,565.8
138.92279,35.366978,0,0,2575,566.1
138.922821,35.367035,0,0,2576,566.4
138.922852,35.367104,0,0,2577,567.3
138.922867,35.367165,0,0,2578,568.1
138.922882,35.367237,0,0,2579,569
138.922882,35.367298,0,0,2580,570.3
138.922882,35.367367,0,0,2581,571.9
138.922882,35.367428,0,0,2582,573.1
138.922867,35.367496,0,0,2583,573.7
138.922852,35.367554,0,0,2584,573.8
138.922836,35.367611,0,0,2585,574.4
138.922806,35.367664,0,0,2586,574.7
138.922775,35.367729,0,0,2587,575.4
138.922729,35.36779,0,0,2588,575.7
138.922684,35.367836,0,0,2589,575.9
138.922623,35.367886,0,0,2590,577.2
138.922577,35.367924,0,0,2591,578
138.922501,35.36795,0,0,2592,579
138.922439,35.367962,0,0,2593,579.7
138.922363,35.367954,0,0,2594,580.7
138.922287,35.36792,0,0,2595,581.8
138.922226,35.367874,0,0,2596,581.6
138.92218,35.367836,0,0,2597,581.7
138.922119,35.36779,0,0,2598,582
138.922073,35.367741,0,0,2599,581.9
138.922012,35.367695,0,0,2600,582
138.921951,35.367641,0,0,2601,582.3
138.921905,35.367599,0,0,2602,582.7
138.92186,35.367554,0,0,2603,582.8
138.921799,35.367504,0,0,2604,582.7
138.921738,35.367458,0,0,2605,582.6
138.921677,35.367409,0,0,2606,582.8
138.9216,35.367359,0,0,2607,582.6
138.921539,35.367321,0,0,2608,582.2
138.921478,35.367283,0,0,2609,581.5
138.921402,35.367241,0,0,2610,581.1
138.921326,35.367203,0,0,2611,580.6
138.921265,35.367176,0,0,2612,580.3
138.921188,35.367149,0,0,2613,580.8
138.921112,35.367119,0,0,2614,581.1
138.921036,35.3671,0,0,2615,581
138.920959,35.367077,0,0,2616,581
138.920853,35.367062,0,0,2617,580.3
138.920776,35.36705,0,0,2618,579.4
138.9207,35.36705,0,0,2619,578.5
138.920593,35.36705,0,0,2620,578
138.920517,35.367058,0,0,2621,578.2
138.920425,35.367084,0,0,2622,579.8
138.920334,35.367123,0,0,2623,582.1
138.920258,35.367172,0,0,2624,584.5
138.920181,35.367226,0,0,2625,587.1
138.920151,35.367283,0,0,2626,587.4
138.92012,35.367348,0,0,2627,588.1
138.92012,35.367413,0,0,2628,587.9
138.920135,35.367477,0,0,2629,587.2
138.920196,35.367546,0,0,2630,586.2
138.920258,35.367603,0,0,2631,584.9
138.920334,35.367657,0,0,2632,583.9
138.920395,35.367702,0,0,2633,583.1
138.920456,35.367744,0,0,2634,582
138.920532,35.367798,0,0,2635,581.8
138.920624,35.367851,0,0,2636,581.6
138.920685,35.367897,0,0,2637,581.4
138.920746,35.367943,0,0,2638,581.3
138.920837,35.367996,0,0,2639,581.1
138.920898,35.368042,0,0,2640,580.9
138.920959,35.368088,0,0,2641,580.7
138.921036,35.368134,0,0,2642,580.6
138.921112,35.368187,0,0,2643,580.4
138.921188,35.368233,0,0,2644,580.2
138.921249,35.368282,0,0,2645,580
138.921326,35.368328,0,0,2646,579.9
138.921417,35.368385,0,0,2647,579.6
138.921494,35.368442,0,0,2648,579.4
138.921585,35.3685,0,0,2649,579.2
138.921661,35.368553,0,0,2650,579
138.921738,35.368603,0,0,2651,578.8
138.921814,35.368649,0,0,2652,578.7
138.92189,35.368706,0,0,2653,578.5
138.921967,35.368755,0,0,2654,578.3
138.922043,35.368805,0,0,2655,578.1
138.922119,35.368851,0,0,2656,577.9
138.922195,35.3689,0,0,2657,577.7
138.922256,35.36895,0,0,2658,577.6
138.922333,35.368996,0,0,2659,577.4
138.922424,35.369057,0,0,2660,577.1
138.922501,35.369106,0,0,2661,577.9
138.922592,35.369167,0,0,2662,577.7
138.922684,35.369228,0,0,2663,578.3
138.922775,35.369293,0,0,2664,578.2
138.922852,35.369343,0,0,2665,578
138.922958,35.369408,0,0,2666,578.5
138.92305,35.369469,0,0,2667,578.4
138.923141,35.369533,0,0,2668,578.9
138.923233,35.369594,0,0,2669,579.2
138.923325,35.369659,0,0,2670,579.2
138.923416,35.369713,0,0,2671,579.4
138.923508,35.369774,0,0,2672,579.4
138.923599,35.369839,0,0,2673,579.5
138.923675,35.369892,0,0,2674,578.4
138.923752,35.369945,0,0,2675,577.4
138.923859,35.370007,0,0,2676,576.6
138.92395,35.370071,0,0,2677,576.4
138.924026,35.370125,0,0,2678,576.3
138.924118,35.370186,0,0,2679,576.4
138.92421,35.370251,0,0,2680,576.3
138.924286,35.370304,0,0,2681,576.3
138.924377,35.370358,0,0,2682,576.9
138.924454,35.370407,0,0,2683,577.7
138.924545,35.370472,0,0,2684,577.6
138.924622,35.370525,0,0,2685,577.5
138.924713,35.370586,0,0,2686,576.8
138.924789,35.37064,0,0,2687,576.6
138.924866,35.370693,0,0,2688,576.4
138.924957,35.370743,0,0,2689,576.3
138.925034,35.370796,0,0,2690,576.6
138.92511,35.37085,0,0,2691,577.1
138.925186,35.370903,0,0,2692,578.8
138.925278,35.370964,0,0,2693,580.9
138.925384,35.371029,0,0,2694,581.8
138.925461,35.371082,0,0,2695,583.9
138.925537,35.371136,0,0,2696,585.5
138.925629,35.371201,0,0,2697,586.3
138.92572,35.371254,0,0,2698,588.5
138.925796,35.371307,0,0,2699,588.6
138.925873,35.371361,0,0,2700,589.3
138.925964,35.371426,0,0,2701,590.4
138.926071,35.37149,0,0,2702,591.5
138.926163,35.371555,0,0,2703,592.5
138.926239,35.371609,0,0,2704,592.7
138.926331,35.371662,0,0,2705,591.7
138.926422,35.371727,0,0,2706,590.9
138.926514,35.371784,0,0,2707,590.4
138.926605,35.371849,0,0,2708,589.8
138.926697,35.371914,0,0,2709,589.3
138.926804,35.371983,0,0,2710,588.6
138.92688,35.372036,0,0,2711,588.3
138.926987,35.372105,0,0,2712,588
138.927063,35.372158,0,0,2713,587.8
138.92717,35.372223,0,0,2714,587.6
138.927246,35.37228,0,0,2715,586.7
138.927338,35.372337,0,0,2716,586.4
138.927429,35.372402,0,0,2717,586.7
138.927521,35.372459,0,0,2718,586.5
138.927612,35.372524,0,0,2719,586.9
138.927704,35.372578,0,0,2720,586.9
138.92778,35.372635,0,0,2721,587.6
138.927887,35.3727,0,0,2722,588.7
138.927963,35.372753,0,0,2723,589.3
138.92804,35.372807,0,0,2724,589.3
138.928146,35.372871,0,0,2725,589.1
138.928223,35.372929,0,0,2726,589.2
138.928314,35.37299,0,0,2727,589.2
138.928421,35.373054,0,0,2728,588.5
138.928497,35.373108,0,0,2729,587.5
138.928574,35.373161,0,0,2730,586
